Query_ID,Document_ID,Rank
126,en.2.319.348.2010.6.6,1
126,en.13.56.214.2010.5.28,2
126,en.3.326.80.2009.9.5,3
126,en.15.147.229.2009.10.6,4
126,en.15.147.222.2009.10.4,5
126,en.2.260.111.2009.4.29,6
126,en.13.25.179.2009.11.8,7
126,en.3.322.338.2009.8.7,8
126,en.15.136.355.2009.7.24,9
126,en.15.151.83.2009.10.31,10
126,en.3.331.91.2009.10.11,11
126,en.3.350.209.2010.2.18,12
126,en.3.326.404.2009.9.3,13
126,en.2.260.180.2009.4.29,14
126,en.3.329.19.2009.9.22,15
126,en.15.151.62.2009.11.4,16
126,en.2.268.455.2009.6.18,17
126,en.15.147.224.2009.10.5,18
126,en.2.279.7.1970.1.1,19
126,en.15.124.268.2009.5.15,20
126,en.13.8.362.2009.7.16,21
126,en.13.8.152.2009.7.16,22
126,en.2.279.472.2009.8.30,23
126,en.3.322.206.2009.8.7,24
126,en.2.260.462.2009.4.29,25
126,en.15.136.10.2009.7.26,26
126,en.13.10.19.2009.7.30,27
126,en.2.317.224.2010.5.28,28
126,en.3.329.447.2009.9.22,29
126,en.3.329.374.2009.9.27,30
126,en.15.121.269.2009.4.27,31
126,en.3.331.441.2009.10.13,32
126,en.3.326.26.2009.9.2,33
126,en.2.277.4.2009.8.16,34
126,en.3.326.252.2009.9.2,35
126,en.3.366.412.2010.5.26,36
126,en.2.281.34.2009.9.11,37
126,en.2.278.125.2009.8.27,38
126,en.13.1.53.2009.5.31,39
126,en.3.326.205.2009.9.2,40
126,en.3.331.451.2009.10.12,41
126,en.15.125.223.2009.5.20,42
126,en.3.326.347.2009.9.4,43
126,en.3.326.381.2009.9.2,44
126,en.2.264.385.2009.5.28,45
126,en.13.45.6.2010.3.25,46
126,en.15.151.98.2009.11.3,47
126,en.15.136.499.2009.7.24,48
126,en.15.121.129.2009.4.28,49
126,en.15.121.142.2009.4.27,50
127,en.13.56.214.2010.5.28,1
127,en.2.319.348.2010.6.6,2
127,en.15.103.297.2009.1.4,3
127,en.3.381.157.2007.7.24,4
127,en.3.353.28.2010.3.10,5
127,en.15.135.383.2009.7.22,6
127,en.15.136.240.2009.7.21,7
127,en.15.136.294.2009.7.22,8
127,en.15.86.478.2008.9.24,9
127,en.15.132.109.2009.7.1,10
127,en.15.204.145.2007.8.24,11
127,en.15.78.348.2008.8.1,12
127,en.3.398.95.2007.10.18,13
127,en.3.395.122.2007.10.2,14
127,en.15.128.236.2009.6.5,15
127,en.3.417.283.2008.1.9,16
127,en.3.380.251.2007.7.19,17
127,en.3.414.331.2007.12.27,18
127,en.15.73.221.2008.6.26,19
127,en.15.156.46.2009.12.11,20
127,en.15.240.448.2008.2.7,21
127,en.2.266.347.2009.6.9,22
127,en.3.356.123.2010.4.3,23
127,en.15.184.26.2010.6.2,24
127,en.3.348.163.2010.2.6,25
127,en.15.81.218.2008.8.22,26
127,en.3.375.193.2007.6.18,27
127,en.15.252.364.2008.3.23,28
127,en.15.90.350.2008.10.19,29
127,en.3.348.180.2010.2.7,30
127,en.15.221.441.2007.11.12,31
127,en.15.186.417.2007.5.28,32
127,en.15.124.375.2009.5.15,33
127,en.15.167.44.2010.2.23,34
127,en.15.136.476.2009.7.22,35
127,en.3.347.39.2010.1.31,36
127,en.15.167.10.2010.2.23,37
127,en.3.381.44.2007.7.22,38
127,en.15.221.237.2007.11.12,39
127,en.3.361.410.2010.4.27,40
127,en.15.246.399.2008.3.1,41
127,en.15.104.166.2009.1.11,42
127,en.15.113.66.2009.3.14,43
127,en.15.229.243.2007.12.24,44
127,en.15.212.405.2007.10.6,45
127,en.3.347.285.2010.2.2,46
127,en.15.82.418.2008.8.29,47
127,en.15.85.475.2008.9.19,48
127,en.15.121.59.2009.4.27,49
127,en.15.98.105.2008.11.27,50
128,en.2.319.348.2010.6.6,1
128,en.13.56.214.2010.5.28,2
128,en.15.206.323.2007.8.31,3
128,en.15.86.41.2008.9.26,4
128,en.3.410.281.2007.12.6,5
128,en.15.225.130.2007.12.6,6
128,en.15.202.161.2007.8.15,7
128,en.13.31.487.2010.1.2,8
128,en.15.64.298.2008.4.28,9
128,en.3.349.179.1970.1.1,10
128,en.15.140.216.2009.8.22,11
128,en.15.229.13.2007.12.24,12
128,en.13.41.376.2010.3.1,13
128,en.15.218.9.2007.11.1,14
128,en.15.254.371.2008.3.27,15
128,en.15.107.10.2009.1.29,16
128,en.13.55.72.2010.5.23,17
128,en.13.59.270.2010.6.11,18
128,en.3.373.157.2007.6.11,19
128,en.3.391.415.2007.9.14,20
128,en.15.90.112.2008.10.17,21
128,en.2.291.172.2009.12.2,22
128,en.13.30.67.2009.12.25,23
128,en.15.215.487.2007.10.22,24
128,en.2.268.69.2009.6.17,25
128,en.15.61.167.2008.4.14,26
128,en.2.320.122.2010.6.12,27
128,en.13.1.98.2009.6.1,28
128,en.3.356.250.2010.4.2,29
128,en.15.117.252.2009.2.22,30
128,en.3.331.231.2009.10.9,31
128,en.3.391.243.2007.9.14,32
128,en.2.258.279.2009.4.22,33
128,en.15.140.182.2009.8.22,34
128,en.13.55.90.2010.5.23,35
128,en.15.254.465.2008.3.28,36
128,en.15.85.74.2008.9.20,37
128,en.3.398.321.2007.10.18,38
128,en.15.77.246.2008.7.23,39
128,en.2.317.267.2010.5.28,40
128,en.15.80.116.2008.8.18,41
128,en.2.270.361.2009.7.2,42
128,en.3.333.443.2009.10.28,43
128,en.13.41.179.2010.3.1,44
128,en.3.322.410.2009.8.9,45
128,en.15.147.203.2009.10.5,46
128,en.15.115.3.2009.2.14,47
128,en.15.83.92.2008.9.5,48
128,en.15.245.165.2008.2.27,49
128,en.15.162.38.2010.1.23,50
129,en.2.319.348.2010.6.6,1
129,en.13.56.214.2010.5.28,2
129,en.15.141.445.2009.8.29,3
129,en.2.298.269.1970.1.1,4
129,en.15.132.44.2009.6.26,5
129,en.15.132.155.2009.7.1,6
129,en.15.132.121.2009.6.30,7
129,en.3.333.197.2009.10.27,8
129,en.15.137.476.2009.7.31,9
129,en.15.139.473.2009.8.12,10
129,en.15.136.153.2009.7.20,11
129,en.13.8.466.2009.7.11,12
129,en.2.271.457.2009.7.8,13
129,en.2.305.365.2010.3.16,14
129,en.2.277.79.2009.8.19,15
129,en.2.277.373.2009.8.19,16
129,en.3.329.29.2009.9.25,17
129,en.2.289.319.2009.11.13,18
129,en.15.132.367.2009.6.28,19
129,en.15.140.5.2009.8.22,20
129,en.3.333.336.2009.10.23,21
129,en.2.271.199.2009.7.10,22
129,en.3.331.99.2009.10.12,23
129,en.3.343.140.2010.1.9,24
129,en.15.87.431.2008.10.1,25
129,en.13.27.373.2009.11.21,26
129,en.3.326.101.2009.9.6,27
129,en.15.132.391.2009.6.28,28
129,en.13.55.2.2010.5.24,29
129,en.15.136.376.2009.7.25,30
129,en.13.8.358.2009.7.14,31
129,en.13.8.79.2009.7.14,32
129,en.13.10.280.2009.7.29,33
129,en.3.327.392.2009.9.12,34
129,en.2.277.462.2009.8.18,35
129,en.3.353.412.2010.3.13,36
129,en.13.8.68.2009.7.11,37
129,en.15.132.331.2009.6.27,38
129,en.3.329.53.2009.9.22,39
129,en.2.270.162.2009.7.2,40
129,en.15.132.489.2009.6.26,41
129,en.15.132.202.2009.6.26,42
129,en.3.331.310.2009.10.13,43
129,en.13.8.261.2009.7.13,44
129,en.15.132.364.2009.6.28,45
129,en.15.132.102.2009.6.28,46
129,en.15.132.153.2009.6.28,47
129,en.2.275.340.2009.8.4,48
129,en.2.275.213.2009.8.4,49
129,en.2.282.345.2009.9.19,50
130,en.13.56.214.2010.5.28,1
130,en.2.319.348.2010.6.6,2
130,en.3.378.475.2007.7.9,3
130,en.15.68.138.2008.5.25,4
130,en.15.236.383.2008.1.22,5
130,en.15.69.149.2008.5.31,6
130,en.15.251.174.2008.3.16,7
130,en.15.203.470.2007.8.21,8
130,en.3.407.366.2007.11.27,9
130,en.15.72.98.2008.6.19,10
130,en.3.397.110.2007.10.12,11
130,en.15.194.76.2007.7.3,12
130,en.15.79.493.2008.8.14,13
130,en.3.373.289.2007.6.9,14
130,en.3.380.497.2007.7.20,15
130,en.13.31.317.2009.12.30,16
130,en.15.64.283.2008.4.27,17
130,en.15.89.239.2008.10.13,18
130,en.15.238.333.2008.1.30,19
130,en.13.41.322.2010.2.28,20
130,en.15.74.58.2008.6.30,21
130,en.15.98.384.2008.11.30,22
130,en.15.68.155.2008.5.25,23
130,en.15.231.286.2008.1.1,24
130,en.15.220.347.2007.11.12,25
130,en.15.108.62.2009.2.6,26
130,en.15.147.432.2009.10.7,27
130,en.13.54.432.2010.5.14,28
130,en.15.63.402.2008.4.24,29
130,en.15.67.325.2008.5.17,30
130,en.15.82.278.2008.8.31,31
130,en.15.66.29.2008.5.11,32
130,en.15.232.170.2008.1.5,33
130,en.3.373.397.2007.6.9,34
130,en.15.69.185.2008.6.4,35
130,en.15.74.440.2008.7.1,36
130,en.2.275.5.2009.8.2,37
130,en.15.196.350.2007.7.15,38
130,en.15.105.47.2009.1.12,39
130,en.3.349.98.2010.2.16,40
130,en.15.99.372.2008.12.4,41
130,en.15.74.232.2008.7.1,42
130,en.13.31.102.2009.12.31,43
130,en.13.31.126.2009.12.29,44
130,en.15.85.451.2008.9.17,45
130,en.15.249.191.2008.3.9,46
130,en.15.73.210.2008.6.24,47
130,en.15.67.249.2008.5.17,48
130,en.15.97.117.2008.11.22,49
130,en.3.378.187.2007.7.7,50
131,en.13.56.214.2010.5.28,1
131,en.2.319.348.2010.6.6,2
131,en.13.59.310.2010.6.8,3
131,en.15.135.225.2009.7.16,4
131,en.15.179.54.2010.5.5,5
131,en.3.372.210.2007.6.8,6
131,en.15.135.417.2009.7.17,7
131,en.15.219.443.2007.11.4,8
131,en.2.291.92.2009.12.1,9
131,en.15.93.166.2008.10.31,10
131,en.15.240.234.2008.2.7,11
131,en.15.188.79.2007.6.4,12
131,en.15.204.115.2007.8.24,13
131,en.3.401.374.2007.10.30,14
131,en.15.132.451.2009.6.26,15
131,en.15.188.2.2007.6.5,16
131,en.15.231.240.2008.1.2,17
131,en.15.229.25.2007.12.25,18
131,en.15.218.130.2007.11.2,19
131,en.3.376.60.2007.6.25,20
131,en.13.51.374.2010.5.3,21
131,en.3.363.266.2010.5.7,22
131,en.15.227.272.2007.12.10,23
131,en.15.110.465.2009.3.23,24
131,en.15.65.227.2008.5.4,25
131,en.13.31.301.2009.12.30,26
131,en.13.31.98.2009.12.29,27
131,en.3.354.137.2010.3.20,28
131,en.15.81.277.2008.8.24,29
131,en.15.186.45.2007.5.29,30
131,en.15.219.493.2007.11.4,31
131,en.15.237.113.2008.1.25,32
131,en.2.260.322.2009.4.30,33
131,en.15.102.354.2008.12.26,34
131,en.15.194.102.2007.7.4,35
131,en.15.188.146.2007.6.6,36
131,en.3.360.114.2010.4.24,37
131,en.15.106.232.2009.1.24,38
131,en.15.201.160.2007.8.9,39
131,en.15.95.365.2008.11.15,40
131,en.15.68.363.2008.5.26,41
131,en.15.242.152.2008.2.16,42
131,en.15.179.35.2010.5.4,43
131,en.15.113.58.2009.3.7,44
131,en.15.220.434.2007.11.11,45
131,en.15.95.332.2008.11.13,46
131,en.3.355.457.2010.3.24,47
131,en.15.109.496.2009.2.8,48
131,en.15.241.271.2008.2.11,49
131,en.15.256.334.2008.4.8,50
132,en.13.56.214.2010.5.28,1
132,en.2.319.348.2010.6.6,2
132,en.3.417.297.2008.1.9,3
132,en.15.94.56.2008.11.5,4
132,en.15.94.118.2008.11.5,5
132,en.15.94.353.2008.11.5,6
132,en.15.136.69.2009.7.23,7
132,en.15.247.124.2008.3.5,8
132,en.15.94.334.2008.11.6,9
132,en.13.25.470.2009.11.8,10
132,en.15.255.249.2008.4.3,11
132,en.15.70.83.2008.6.7,12
132,en.15.147.317.2009.10.3,13
132,en.15.94.448.2008.11.7,14
132,en.15.115.343.2009.2.15,15
132,en.3.343.69.2010.1.13,16
132,en.15.109.134.2009.2.10,17
132,en.2.271.293.2009.7.7,18
132,en.15.94.246.2008.11.8,19
132,en.2.270.171.2009.7.6,20
132,en.3.354.264.2010.3.22,21
132,en.15.90.50.2008.10.19,22
132,en.15.94.459.2008.11.5,23
132,en.15.139.380.2009.8.12,24
132,en.3.357.104.1970.1.1,25
132,en.15.96.379.2008.11.20,26
132,en.15.109.15.2009.2.10,27
132,en.15.156.110.2009.12.15,28
132,en.15.128.12.2009.6.5,29
132,en.3.358.40.2010.4.13,30
132,en.15.95.370.2008.11.11,31
132,en.15.94.352.2008.11.5,32
132,en.15.242.276.2008.2.13,33
132,en.15.72.272.2008.6.19,34
132,en.15.98.250.2008.11.29,35
132,en.15.69.130.2008.6.4,36
132,en.15.72.352.2008.6.22,37
132,en.15.77.234.2008.7.30,38
132,en.15.252.362.2008.3.19,39
132,en.15.249.44.2008.3.12,40
132,en.2.289.462.2009.11.17,41
132,en.3.358.302.2010.4.14,42
132,en.3.361.10.2010.4.30,43
132,en.15.93.133.2008.11.3,44
132,en.15.247.461.2008.3.5,45
132,en.2.317.70.2010.5.27,46
132,en.13.10.407.2009.7.28,47
132,en.3.331.400.2009.10.9,48
132,en.15.97.435.2008.11.21,49
132,en.13.3.187.2009.6.14,50
133,en.13.56.214.2010.5.28,1
133,en.2.319.348.2010.6.6,2
133,en.15.82.100.2008.9.3,3
133,en.2.264.403.2009.5.28,4
133,en.3.373.433.2007.6.9,5
133,en.3.327.81.2009.9.11,6
133,en.15.203.83.2007.8.19,7
133,en.15.203.148.2007.8.21,8
133,en.3.327.275.2009.9.12,9
133,en.3.388.78.2007.8.29,10
133,en.15.111.124.2009.3.23,11
133,en.3.388.171.2007.8.29,12
133,en.15.106.500.2009.1.22,13
133,en.15.210.340.2007.9.30,14
133,en.3.400.276.2007.10.27,15
133,en.15.234.6.2008.1.14,16
133,en.15.243.14.2008.2.17,17
133,en.15.210.237.2007.9.27,18
133,en.15.210.491.2007.9.27,19
133,en.15.99.90.2008.12.5,20
133,en.2.264.223.2009.5.29,21
133,en.3.403.352.2007.11.6,22
133,en.15.243.484.2008.2.17,23
133,en.2.289.33.2009.11.15,24
133,en.15.251.30.2008.3.18,25
133,en.3.343.53.2010.1.13,26
133,en.15.100.303.2008.12.12,27
133,en.15.246.121.2008.2.28,28
133,en.15.121.338.2009.4.25,29
133,en.15.89.25.2008.10.15,30
133,en.2.258.361.2009.4.22,31
133,en.2.281.127.2009.9.15,32
133,en.15.81.470.2008.8.25,33
133,en.2.282.8.2009.9.17,34
133,en.15.81.332.2008.8.25,35
133,en.15.201.280.2007.8.8,36
133,en.15.112.255.2009.3.10,37
133,en.15.227.251.2007.12.11,38
133,en.3.406.246.2007.11.21,39
133,en.15.242.35.2008.2.15,40
133,en.15.203.466.2007.8.19,41
133,en.15.115.416.2009.2.12,42
133,en.3.397.320.2007.10.11,43
133,en.15.97.414.2008.11.23,44
133,en.15.82.362.2008.9.1,45
133,en.3.390.255.2007.9.8,46
133,en.3.410.311.2007.12.9,47
133,en.15.102.151.2008.12.23,48
133,en.3.360.23.2010.4.25,49
133,en.2.268.149.2009.6.18,50
134,en.13.56.214.2010.5.28,1
134,en.2.319.348.2010.6.6,2
134,en.3.348.310.2010.2.5,3
134,en.3.353.489.2010.3.15,4
134,en.15.220.22.2007.11.10,5
134,en.15.80.224.2008.8.17,6
134,en.3.357.402.2010.4.8,7
134,en.15.102.172.2008.12.26,8
134,en.2.266.418.2009.6.9,9
134,en.2.263.48.2009.5.23,10
134,en.2.278.406.2009.8.26,11
134,en.15.76.8.2008.7.23,12
134,en.2.268.66.2009.6.19,13
134,en.15.254.257.2008.3.28,14
134,en.15.172.253.2010.3.28,15
134,en.15.128.116.2009.6.6,16
134,en.15.125.368.2009.5.18,17
134,en.15.227.32.2007.12.13,18
134,en.15.215.192.2007.10.22,19
134,en.15.231.214.2008.1.1,20
134,en.15.84.472.2008.9.14,21
134,en.3.329.471.2009.9.25,22
134,en.15.245.235.2008.2.27,23
134,en.15.249.143.2008.3.10,24
134,en.13.59.256.2010.6.11,25
134,en.15.238.364.2008.1.31,26
134,en.3.390.223.2007.9.9,27
134,en.15.118.74.2009.4.3,28
134,en.3.357.27.2010.4.10,29
134,en.15.108.414.2009.2.4,30
134,en.15.67.49.2008.5.15,31
134,en.15.68.6.2008.5.27,32
134,en.15.228.154.2007.12.14,33
134,en.3.405.487.2007.11.13,34
134,en.13.31.102.2009.12.31,35
134,en.15.95.183.2008.11.10,36
134,en.3.352.167.2010.3.7,37
134,en.15.64.286.2008.4.26,38
134,en.15.75.172.2008.7.14,39
134,en.15.242.151.2008.2.12,40
134,en.15.239.208.2008.2.4,41
134,en.3.414.446.2007.12.27,42
134,en.15.251.69.2008.3.17,43
134,en.15.244.194.2008.2.21,44
134,en.15.238.467.2008.1.31,45
134,en.15.238.387.2008.1.31,46
134,en.15.212.19.2007.10.7,47
134,en.15.251.430.2008.3.16,48
134,en.15.190.420.2007.6.13,49
134,en.15.172.231.2010.3.28,50
135,en.13.56.214.2010.5.28,1
135,en.2.319.348.2010.6.6,2
135,en.2.289.265.2009.11.17,3
135,en.3.354.305.2010.3.20,4
135,en.15.108.158.2009.2.2,5
135,en.15.140.39.2009.8.23,6
135,en.3.349.14.2010.2.16,7
135,en.15.67.174.2008.5.17,8
135,en.13.10.440.2009.7.28,9
135,en.13.3.70.2009.6.12,10
135,en.3.372.281.2007.6.7,11
135,en.2.268.232.2009.6.18,12
135,en.3.372.212.2007.6.8,13
135,en.15.132.124.2009.6.29,14
135,en.2.263.252.2009.5.23,15
135,en.15.74.211.2008.7.3,16
135,en.3.388.239.2007.8.28,17
135,en.13.55.6.2010.5.20,18
135,en.15.84.360.2008.9.16,19
135,en.15.256.239.2008.4.8,20
135,en.15.105.309.2009.1.14,21
135,en.15.123.73.2009.5.9,22
135,en.2.319.306.2010.6.6,23
135,en.15.155.40.2009.12.8,24
135,en.13.3.11.2009.6.10,25
135,en.15.70.477.2008.6.10,26
135,en.13.3.22.2009.6.13,27
135,en.3.361.253.2010.4.28,28
135,en.15.123.456.2009.5.9,29
135,en.3.349.284.2010.2.12,30
135,en.2.320.200.2010.6.12,31
135,en.15.247.431.2008.3.3,32
135,en.15.61.235.2008.4.14,33
135,en.15.242.415.2008.2.14,34
135,en.13.8.237.2009.7.13,35
135,en.13.8.168.2009.7.13,36
135,en.2.291.160.2009.11.30,37
135,en.15.90.258.2008.10.16,38
135,en.13.3.33.2009.6.11,39
135,en.3.374.195.2007.6.14,40
135,en.13.8.210.2009.7.10,41
135,en.15.105.442.2009.1.14,42
135,en.15.118.166.2009.4.7,43
135,en.15.151.186.2009.11.2,44
135,en.15.96.202.2008.11.19,45
135,en.15.96.239.2008.11.19,46
135,en.2.260.428.2009.5.2,47
135,en.2.270.44.2009.7.2,48
135,en.13.59.108.2010.6.10,49
135,en.15.70.462.2008.6.9,50
136,en.13.56.214.2010.5.28,1
136,en.2.319.348.2010.6.6,2
136,en.3.354.497.2010.3.19,3
136,en.3.397.179.2007.10.11,4
136,en.15.210.278.2007.9.28,5
136,en.3.373.320.2007.6.9,6
136,en.15.237.392.2008.1.27,7
136,en.13.30.221.2009.12.22,8
136,en.3.395.7.2007.10.3,9
136,en.15.101.419.2008.12.15,10
136,en.15.243.241.2008.2.20,11
136,en.15.210.330.2007.9.30,12
136,en.15.248.224.2008.3.9,13
136,en.15.188.366.2007.6.7,14
136,en.3.403.356.2007.11.6,15
136,en.3.401.480.2007.10.31,16
136,en.15.109.170.2009.2.8,17
136,en.15.104.52.2009.1.9,18
136,en.15.91.428.2008.10.21,19
136,en.15.89.477.2008.10.15,20
136,en.15.218.3.2007.11.1,21
136,en.15.225.152.2007.12.4,22
136,en.15.103.119.2009.1.2,23
136,en.15.97.115.2008.11.26,24
136,en.15.100.35.2008.12.11,25
136,en.15.61.245.2008.4.17,26
136,en.15.192.54.2007.6.23,27
136,en.15.63.200.2008.4.25,28
136,en.15.100.277.2008.12.12,29
136,en.13.55.290.2010.5.23,30
136,en.2.291.359.2009.12.3,31
136,en.15.97.64.2008.11.25,32
136,en.3.376.154.2007.6.25,33
136,en.13.55.469.2010.5.24,34
136,en.3.401.452.2007.10.30,35
136,en.3.391.86.2007.9.15,36
136,en.15.100.361.2008.12.14,37
136,en.2.275.238.2009.8.4,38
136,en.15.204.193.2007.8.25,39
136,en.15.90.499.2008.10.18,40
136,en.15.238.472.2008.1.28,41
136,en.3.379.129.2007.7.10,42
136,en.15.123.444.2009.5.7,43
136,en.2.264.86.2009.5.26,44
136,en.15.90.238.2008.10.20,45
136,en.3.373.409.2007.6.11,46
136,en.15.130.272.2009.6.15,47
136,en.15.96.391.2008.11.19,48
136,en.15.209.235.2007.9.25,49
136,en.15.64.410.2008.4.26,50
137,en.13.56.214.2010.5.28,1
137,en.2.319.348.2010.6.6,2
137,en.15.125.486.2009.5.19,3
137,en.3.322.136.2009.8.7,4
137,en.15.121.11.2009.4.26,5
137,en.15.103.150.2009.1.1,6
137,en.15.125.410.2009.5.18,7
137,en.15.62.429.2008.4.20,8
137,en.15.227.37.2007.12.11,9
137,en.3.322.329.2009.8.7,10
137,en.15.109.69.2009.2.9,11
137,en.2.264.9.2009.5.29,12
137,en.15.63.96.2008.4.23,13
137,en.15.85.243.2008.9.18,14
137,en.3.414.93.2007.12.30,15
137,en.15.125.278.2009.5.19,16
137,en.15.113.48.2009.3.15,17
137,en.15.103.201.2009.1.2,18
137,en.13.3.333.2009.6.11,19
137,en.15.227.197.2007.12.10,20
137,en.15.231.446.2007.12.31,21
137,en.3.322.120.2009.8.7,22
137,en.15.125.313.2009.5.18,23
137,en.15.106.338.2009.1.22,24
137,en.3.384.162.2007.8.7,25
137,en.15.112.371.2009.3.12,26
137,en.3.380.409.2007.7.20,27
137,en.15.231.431.2008.1.1,28
137,en.3.322.41.2009.8.7,29
137,en.13.1.417.2009.6.2,30
137,en.3.397.200.2007.10.13,31
137,en.15.105.44.2009.1.21,32
137,en.13.1.370.2009.6.2,33
137,en.2.263.424.2009.5.25,34
137,en.15.210.471.2007.9.30,35
137,en.2.268.45.2009.6.17,36
137,en.15.113.348.2009.3.13,37
137,en.2.262.450.2009.5.14,38
137,en.15.125.382.2009.5.18,39
137,en.2.262.412.2009.5.13,40
137,en.15.102.434.2008.12.28,41
137,en.15.125.347.2009.5.19,42
137,en.15.232.93.2008.1.7,43
137,en.15.106.361.2009.1.22,44
137,en.2.262.466.2009.5.12,45
137,en.15.80.372.2008.8.19,46
137,en.2.258.493.2009.4.21,47
137,en.15.121.97.2009.4.27,48
137,en.15.107.193.2009.1.29,49
137,en.15.86.477.2008.9.27,50
138,en.2.319.348.2010.6.6,1
138,en.13.56.214.2010.5.28,2
138,en.3.354.305.2010.3.20,3
138,en.2.289.265.2009.11.17,4
138,en.15.140.39.2009.8.23,5
138,en.15.151.369.2009.11.6,6
138,en.13.10.440.2009.7.28,7
138,en.3.361.253.2010.4.28,8
138,en.15.240.130.2008.2.8,9
138,en.3.353.354.2010.3.10,10
138,en.3.353.245.2010.3.10,11
138,en.15.68.402.2008.5.24,12
138,en.3.359.357.2010.4.19,13
138,en.15.113.375.2009.3.7,14
138,en.15.114.499.2009.3.3,15
138,en.3.410.248.2007.12.7,16
138,en.15.95.233.2008.11.13,17
138,en.3.405.4.2007.11.13,18
138,en.15.113.441.2009.3.8,19
138,en.15.117.407.2009.2.24,20
138,en.15.240.14.2008.2.7,21
138,en.15.135.104.2009.7.17,22
138,en.3.395.180.2007.10.3,23
138,en.15.91.196.2008.10.23,24
138,en.15.80.371.2008.8.21,25
138,en.15.68.52.2008.5.25,26
138,en.13.41.313.2010.3.5,27
138,en.3.358.435.2010.4.15,28
138,en.3.348.165.2010.2.9,29
138,en.2.282.106.2009.9.19,30
138,en.15.60.488.2008.4.10,31
138,en.15.110.100.2009.3.29,32
138,en.15.68.407.2008.5.28,33
138,en.15.187.165.2007.6.1,34
138,en.13.5.19.2009.6.24,35
138,en.3.374.220.2007.6.15,36
138,en.3.361.105.2010.4.27,37
138,en.2.319.496.2010.6.7,38
138,en.15.255.362.2008.4.5,39
138,en.3.397.215.2007.10.10,40
138,en.3.359.232.2010.4.19,41
138,en.2.271.259.2009.7.6,42
138,en.2.320.349.2010.6.8,43
138,en.15.68.101.2008.5.27,44
138,en.3.400.95.2007.10.25,45
138,en.15.68.438.2008.5.26,46
138,en.3.361.203.1970.1.1,47
138,en.15.188.96.2007.6.5,48
138,en.13.51.220.2010.5.3,49
138,en.15.246.255.2008.2.28,50
139,en.13.56.214.2010.5.28,1
139,en.2.319.348.2010.6.6,2
139,en.15.123.145.2009.5.6,3
139,en.2.289.388.2009.11.18,4
139,en.15.63.337.2008.4.22,5
139,en.15.160.247.2010.1.14,6
139,en.15.99.252.2008.12.3,7
139,en.2.275.454.2009.8.3,8
139,en.15.123.345.2009.5.7,9
139,en.3.401.84.2007.10.29,10
139,en.2.260.303.2009.5.3,11
139,en.15.80.256.2008.8.15,12
139,en.3.376.8.2007.6.25,13
139,en.15.96.12.2008.11.18,14
139,en.15.100.152.2008.12.13,15
139,en.15.98.426.2008.12.1,16
139,en.2.260.53.2009.5.4,17
139,en.2.296.318.2010.1.18,18
139,en.3.347.407.2010.2.4,19
139,en.15.204.493.2007.8.23,20
139,en.3.347.198.2010.2.2,21
139,en.13.54.248.2010.5.14,22
139,en.15.64.405.2008.4.27,23
139,en.15.119.263.2009.4.13,24
139,en.15.91.428.2008.10.21,25
139,en.15.121.106.2009.4.26,26
139,en.15.103.119.2009.1.2,27
139,en.2.258.437.2009.4.19,28
139,en.2.258.61.2009.4.21,29
139,en.15.186.279.2007.5.29,30
139,en.15.119.206.2009.4.16,31
139,en.15.139.344.2009.8.10,32
139,en.2.309.498.2010.4.10,33
139,en.15.121.221.2009.4.29,34
139,en.13.31.149.2009.12.29,35
139,en.15.97.129.2008.11.21,36
139,en.15.101.11.2008.12.16,37
139,en.15.100.361.2008.12.14,38
139,en.15.104.436.2009.1.10,39
139,en.15.96.458.2008.11.19,40
139,en.2.289.271.2009.11.15,41
139,en.15.188.142.2007.6.4,42
139,en.15.87.444.2008.10.1,43
139,en.13.3.421.2009.6.11,44
139,en.15.160.266.2010.1.14,45
139,en.15.151.306.2009.10.31,46
139,en.2.298.321.2010.1.28,47
139,en.15.88.289.2008.10.8,48
139,en.3.403.111.2007.11.5,49
139,en.15.108.470.2009.2.5,50
140,en.2.319.348.2010.6.6,1
140,en.13.56.214.2010.5.28,2
140,en.3.383.371.2007.8.5,3
140,en.15.68.126.2008.5.26,4
140,en.15.68.248.2008.5.26,5
140,en.15.78.283.2008.8.5,6
140,en.15.202.454.2007.8.14,7
140,en.15.72.127.2008.6.20,8
140,en.15.78.66.2008.8.6,9
140,en.15.227.97.2007.12.12,10
140,en.15.95.293.2008.11.11,11
140,en.3.329.110.2009.9.24,12
140,en.3.361.183.2010.4.29,13
140,en.2.298.306.2010.1.28,14
140,en.15.68.307.2008.5.23,15
140,en.15.240.66.2008.2.5,16
140,en.15.186.159.2007.5.28,17
140,en.15.112.70.2009.3.12,18
140,en.15.220.157.2007.11.8,19
140,en.3.331.405.2009.10.10,20
140,en.15.82.133.2008.9.4,21
140,en.3.414.227.2007.12.26,22
140,en.3.329.1.1970.1.1,23
140,en.3.383.183.2007.8.5,24
140,en.3.391.102.2007.9.15,25
140,en.15.78.213.2008.8.1,26
140,en.15.202.418.2007.8.16,27
140,en.3.379.345.2007.7.10,28
140,en.2.289.31.2009.11.14,29
140,en.3.348.411.2010.2.7,30
140,en.15.76.237.2008.7.20,31
140,en.3.406.268.2007.11.23,32
140,en.3.356.107.2010.3.29,33
140,en.15.85.191.2008.9.19,34
140,en.15.95.343.2008.11.14,35
140,en.15.231.90.2008.1.1,36
140,en.15.254.438.2008.3.27,37
140,en.15.218.321.2007.10.31,38
140,en.15.72.292.2008.6.21,39
140,en.15.96.165.2008.11.18,40
140,en.15.91.421.2008.10.21,41
140,en.15.216.199.2007.10.23,42
140,en.3.356.417.2010.3.29,43
140,en.15.86.201.2008.9.28,44
140,en.3.389.334.2007.9.3,45
140,en.15.201.11.2007.8.12,46
140,en.15.73.204.2008.6.25,47
140,en.2.283.225.2009.9.30,48
140,en.3.360.234.2010.4.21,49
140,en.3.331.272.2009.10.11,50
141,en.2.319.348.2010.6.6,1
141,en.13.56.214.2010.5.28,2
141,en.3.381.311.2007.7.24,3
141,en.15.71.297.2008.6.16,4
141,en.15.201.187.2007.8.11,5
141,en.15.246.407.2008.2.28,6
141,en.15.253.29.2008.3.26,7
141,en.15.121.256.2009.4.25,8
141,en.3.405.375.2007.11.15,9
141,en.3.357.326.2010.4.7,10
141,en.15.106.428.2009.1.27,11
141,en.15.75.464.2008.7.8,12
141,en.15.204.422.2007.8.24,13
141,en.15.85.405.2008.9.19,14
141,en.15.75.383.2008.7.11,15
141,en.3.375.470.2007.6.19,16
141,en.15.111.464.2009.3.22,17
141,en.15.104.454.2009.1.7,18
141,en.3.343.225.2010.1.13,19
141,en.15.209.414.2007.9.25,20
141,en.15.139.442.2009.8.12,21
141,en.3.381.204.2007.7.25,22
141,en.15.125.421.2009.5.20,23
141,en.15.235.70.2008.1.16,24
141,en.15.72.190.2008.6.19,25
141,en.15.235.83.2008.1.16,26
141,en.15.225.436.2007.12.4,27
141,en.15.236.227.2008.1.20,28
141,en.15.210.291.2007.9.26,29
141,en.15.93.446.2008.11.1,30
141,en.3.363.424.2010.5.8,31
141,en.3.322.174.2009.8.7,32
141,en.15.253.390.2008.3.26,33
141,en.15.245.148.2008.2.25,34
141,en.3.373.91.2007.6.12,35
141,en.15.254.185.2008.3.27,36
141,en.15.202.459.2007.8.16,37
141,en.15.253.238.2008.3.23,38
141,en.15.114.419.2009.3.2,39
141,en.15.253.167.2008.3.26,40
141,en.15.74.410.2008.7.2,41
141,en.15.103.320.2009.1.1,42
141,en.3.343.164.2010.1.11,43
141,en.13.55.252.2010.5.21,44
141,en.15.231.415.2008.1.1,45
141,en.15.72.211.2008.6.24,46
141,en.3.375.383.2007.6.19,47
141,en.15.107.93.2009.1.29,48
141,en.15.93.346.2008.11.3,49
141,en.3.419.9.2008.1.18,50
142,en.2.319.348.2010.6.6,1
142,en.13.56.214.2010.5.28,2
142,en.3.329.157.2009.9.20,3
142,en.2.291.12.2009.11.30,4
142,en.15.218.61.2007.11.1,5
142,en.13.31.457.2009.12.27,6
142,en.3.406.134.2007.11.20,7
142,en.15.128.107.2009.6.5,8
142,en.15.225.27.2007.12.5,9
142,en.13.8.153.2009.7.16,10
142,en.13.27.223.2009.11.21,11
142,en.2.282.207.2009.9.16,12
142,en.15.187.8.2007.5.30,13
142,en.13.27.380.2009.11.21,14
142,en.13.31.316.2010.1.2,15
142,en.15.123.55.2009.5.9,16
142,en.13.31.197.2009.12.28,17
142,en.15.65.325.2008.5.3,18
142,en.15.188.235.2007.6.4,19
142,en.15.88.392.2008.10.9,20
142,en.15.247.162.2008.3.3,21
142,en.15.248.461.2008.3.8,22
142,en.15.90.225.2008.10.17,23
142,en.3.339.152.2009.12.7,24
142,en.3.395.230.2007.10.2,25
142,en.3.363.458.2010.5.12,26
142,en.15.68.39.2008.5.23,27
142,en.15.71.357.2008.6.15,28
142,en.2.260.490.2009.5.3,29
142,en.15.212.454.2007.10.8,30
142,en.13.41.35.2010.2.28,31
142,en.15.247.202.2008.3.3,32
142,en.15.136.348.2009.7.27,33
142,en.15.66.483.2008.5.10,34
142,en.3.383.93.2007.8.3,35
142,en.15.188.457.2007.6.5,36
142,en.3.410.178.2007.12.7,37
142,en.15.67.226.2008.5.16,38
142,en.2.298.455.2010.1.27,39
142,en.3.407.297.2007.11.28,40
142,en.3.329.90.2009.9.23,41
142,en.2.262.456.2009.5.13,42
142,en.3.419.119.2008.1.18,43
142,en.15.156.79.2009.12.15,44
142,en.15.188.477.2007.6.5,45
142,en.15.72.264.2008.6.20,46
142,en.3.373.443.2007.6.12,47
142,en.15.244.191.2008.2.21,48
142,en.15.188.80.2007.6.6,49
142,en.15.89.467.2008.10.14,50
143,en.2.319.348.2010.6.6,1
143,en.13.56.214.2010.5.28,2
143,en.15.151.453.2009.11.2,3
143,en.13.5.369.2009.6.23,4
143,en.15.114.186.2009.3.4,5
143,en.15.156.275.2009.12.17,6
143,en.15.135.12.2009.7.16,7
143,en.15.88.461.2008.10.7,8
143,en.3.326.429.2009.9.1,9
143,en.3.357.428.2010.4.8,10
143,en.15.86.384.2008.9.26,11
143,en.15.128.137.2009.6.5,12
143,en.2.291.33.2009.11.30,13
143,en.15.115.158.2009.2.27,14
143,en.15.83.137.2008.9.8,15
143,en.15.167.119.2010.2.25,16
143,en.15.84.464.2008.9.16,17
143,en.15.85.465.2008.9.18,18
143,en.15.85.199.2008.9.18,19
143,en.15.119.126.2009.4.10,20
143,en.15.111.22.2009.3.20,21
143,en.15.86.181.2008.9.24,22
143,en.15.88.93.2008.10.7,23
143,en.15.88.269.2008.10.5,24
143,en.15.83.316.2008.9.10,25
143,en.2.257.101.2009.4.9,26
143,en.15.82.469.2008.9.3,27
143,en.15.77.500.2008.7.25,28
143,en.15.247.72.2008.3.5,29
143,en.15.82.43.2008.8.29,30
143,en.15.81.156.2008.8.27,31
143,en.15.87.66.2008.10.4,32
143,en.3.326.371.2009.9.6,33
143,en.15.83.19.2008.9.8,34
143,en.15.82.429.2008.9.2,35
143,en.15.110.158.2009.3.24,36
143,en.3.417.395.2008.1.10,37
143,en.15.111.97.2009.3.23,38
143,en.15.83.437.2008.9.10,39
143,en.15.98.17.2008.12.1,40
143,en.15.79.392.2008.8.7,41
143,en.15.111.417.2009.3.18,42
143,en.15.132.74.2009.6.28,43
143,en.15.254.280.2008.3.26,44
143,en.15.110.271.2009.3.25,45
143,en.15.81.100.2008.8.24,46
143,en.15.81.2.2008.8.24,47
143,en.3.417.402.2008.1.10,48
143,en.15.86.481.2008.9.26,49
143,en.15.251.408.2008.3.18,50
144,en.2.319.348.2010.6.6,1
144,en.13.56.214.2010.5.28,2
144,en.13.1.125.2009.6.1,3
144,en.2.319.331.2010.6.7,4
144,en.3.380.390.2007.7.17,5
144,en.13.59.492.2010.6.8,6
144,en.15.254.299.2008.3.27,7
144,en.15.186.459.2007.5.29,8
144,en.2.291.3.2009.12.3,9
144,en.15.101.397.2008.12.18,10
144,en.15.108.405.2009.2.3,11
144,en.15.254.257.2008.3.28,12
144,en.15.93.429.2008.11.4,13
144,en.15.232.158.2008.1.3,14
144,en.13.59.461.2010.6.8,15
144,en.2.281.268.2009.9.9,16
144,en.15.190.131.2007.6.14,17
144,en.15.101.98.2008.12.16,18
144,en.15.74.291.2008.7.5,19
144,en.3.355.428.2010.3.24,20
144,en.3.409.165.2007.12.6,21
144,en.15.236.434.2008.1.23,22
144,en.15.98.250.2008.11.29,23
144,en.15.97.454.2008.11.24,24
144,en.15.97.60.2008.11.24,25
144,en.2.319.421.2010.6.3,26
144,en.3.393.465.2007.9.23,27
144,en.15.61.306.2008.4.16,28
144,en.15.74.82.2008.7.3,29
144,en.15.201.457.2007.8.9,30
144,en.15.241.492.2008.2.11,31
144,en.2.309.66.2010.4.11,32
144,en.3.382.321.2007.7.28,33
144,en.15.139.442.2009.8.12,34
144,en.15.118.260.2009.4.5,35
144,en.15.102.21.2008.12.26,36
144,en.3.417.238.2008.1.10,37
144,en.15.155.334.2009.12.9,38
144,en.15.234.28.2008.1.15,39
144,en.15.239.15.2008.2.3,40
144,en.15.111.366.2009.3.19,41
144,en.13.31.389.2010.1.2,42
144,en.13.30.118.2009.12.24,43
144,en.3.405.478.2007.11.18,44
144,en.15.125.468.2009.5.21,45
144,en.15.74.153.2008.7.3,46
144,en.15.114.102.2009.3.4,47
144,en.15.128.445.2009.6.5,48
144,en.2.319.306.2010.6.6,49
144,en.3.395.496.2007.10.3,50
145,en.13.56.214.2010.5.28,1
145,en.2.319.348.2010.6.6,2
145,en.3.414.179.2007.12.27,3
145,en.3.414.89.2007.12.28,4
145,en.3.414.81.2007.12.27,5
145,en.3.414.465.2007.12.29,6
145,en.3.414.446.2007.12.27,7
145,en.3.414.171.2007.12.27,8
145,en.15.231.168.2008.1.2,9
145,en.3.414.269.2007.12.28,10
145,en.3.414.178.2007.12.28,11
145,en.15.231.408.2007.12.30,12
145,en.3.414.239.2007.12.27,13
145,en.3.395.90.2007.10.3,14
145,en.3.414.448.2007.12.28,15
145,en.3.414.44.2007.12.28,16
145,en.3.414.252.2007.12.27,17
145,en.15.231.400.2008.1.2,18
145,en.3.407.141.2007.11.25,19
145,en.3.414.213.2007.12.27,20
145,en.3.414.32.2007.12.28,21
145,en.3.388.438.2007.8.29,22
145,en.15.240.54.2008.2.7,23
145,en.3.389.471.2007.9.1,24
145,en.3.414.17.2007.12.29,25
145,en.3.414.144.2007.12.27,26
145,en.15.231.476.2008.1.2,27
145,en.3.395.14.2007.10.2,28
145,en.3.398.91.2007.10.17,29
145,en.3.414.489.2007.12.27,30
145,en.3.391.173.2007.9.14,31
145,en.3.414.484.2007.12.27,32
145,en.3.398.94.2007.10.19,33
145,en.15.102.219.2008.12.27,34
145,en.3.414.30.2007.12.30,35
145,en.3.416.58.2008.1.7,36
145,en.3.414.49.2007.12.30,37
145,en.3.414.111.2007.12.30,38
145,en.3.414.456.2007.12.28,39
145,en.3.400.323.2007.10.26,40
145,en.15.72.107.2008.6.21,41
145,en.3.414.91.2007.12.27,42
145,en.3.414.125.2007.12.28,43
145,en.15.231.101.2007.12.30,44
145,en.15.221.132.2007.11.12,45
145,en.3.414.98.2007.12.29,46
145,en.3.414.244.2007.12.29,47
145,en.3.405.211.2007.11.14,48
145,en.15.212.172.2007.10.6,49
145,en.15.156.242.2009.12.15,50
146,en.13.56.214.2010.5.28,1
146,en.2.319.348.2010.6.6,2
146,en.2.258.234.2009.4.22,3
146,en.15.232.156.2008.1.3,4
146,en.15.78.140.2008.8.3,5
146,en.15.76.265.2008.7.23,6
146,en.13.27.237.2009.11.20,7
146,en.2.260.281.2009.5.4,8
146,en.15.256.134.2008.4.8,9
146,en.3.379.435.2007.7.11,10
146,en.15.78.267.2008.8.4,11
146,en.15.98.189.2008.12.2,12
146,en.15.241.233.2008.2.12,13
146,en.3.383.349.2007.8.2,14
146,en.15.240.142.2008.2.6,15
146,en.3.391.96.2007.9.15,16
146,en.3.417.27.2008.1.8,17
146,en.15.108.47.2009.2.7,18
146,en.15.69.461.2008.6.2,19
146,en.15.235.440.2008.1.19,20
146,en.13.25.162.2009.11.8,21
146,en.13.27.120.2009.11.19,22
146,en.3.392.56.2007.9.19,23
146,en.15.236.59.2008.1.22,24
146,en.3.384.32.2007.8.8,25
146,en.13.10.2.2009.7.29,26
146,en.15.241.468.2008.2.12,27
146,en.13.27.19.2009.11.19,28
146,en.15.241.35.2008.2.10,29
146,en.15.184.18.2010.5.30,30
146,en.15.104.49.2009.1.9,31
146,en.15.115.62.2009.2.14,32
146,en.15.243.351.2008.2.18,33
146,en.2.262.344.2009.5.13,34
146,en.3.358.300.2010.4.12,35
146,en.15.231.427.2008.1.2,36
146,en.15.114.424.2009.3.3,37
146,en.3.400.332.2007.10.26,38
146,en.15.111.302.2009.3.20,39
146,en.3.383.324.2007.8.2,40
146,en.3.410.293.2007.12.9,41
146,en.15.255.435.2008.4.4,42
146,en.3.383.35.2007.8.1,43
146,en.3.379.298.2007.7.10,44
146,en.15.243.80.2008.2.19,45
146,en.13.5.137.2009.6.24,46
146,en.15.110.234.2009.3.29,47
146,en.15.156.95.2009.12.17,48
146,en.15.118.490.2009.4.4,49
146,en.2.289.269.2009.11.18,50
147,en.2.319.348.2010.6.6,1
147,en.13.56.214.2010.5.28,2
147,en.15.176.255.2010.4.23,3
147,en.2.289.265.2009.11.17,4
147,en.3.354.305.2010.3.20,5
147,en.3.403.127.2007.11.5,6
147,en.3.403.446.2007.11.5,7
147,en.3.354.462.2010.3.20,8
147,en.15.140.39.2009.8.23,9
147,en.3.354.50.2010.3.20,10
147,en.3.354.348.2010.3.21,11
147,en.15.94.387.2008.11.7,12
147,en.15.83.236.2008.9.5,13
147,en.15.184.150.2010.5.30,14
147,en.13.10.440.2009.7.28,15
147,en.3.408.248.2007.11.29,16
147,en.15.83.161.2008.9.7,17
147,en.15.209.476.2007.9.25,18
147,en.3.326.55.2009.9.3,19
147,en.15.167.260.2010.2.23,20
147,en.3.356.483.2010.3.30,21
147,en.3.361.253.2010.4.28,22
147,en.3.406.319.2007.11.21,23
147,en.15.103.151.2008.12.31,24
147,en.15.83.223.2008.9.7,25
147,en.2.275.231.2009.8.5,26
147,en.3.392.479.2007.9.22,27
147,en.15.72.465.2008.6.19,28
147,en.3.357.486.2010.4.6,29
147,en.15.245.277.2008.2.26,30
147,en.2.271.345.2009.7.9,31
147,en.2.296.356.2010.1.8,32
147,en.15.125.296.2009.5.19,33
147,en.13.45.434.2010.3.25,34
147,en.2.258.427.2009.4.21,35
147,en.15.238.81.2008.1.30,36
147,en.15.194.391.2007.7.1,37
147,en.2.264.124.2009.5.29,38
147,en.2.296.71.1970.1.1,39
147,en.15.117.73.2009.4.3,40
147,en.15.151.364.2009.10.30,41
147,en.15.238.319.2008.1.28,42
147,en.15.184.146.2010.5.30,43
147,en.3.373.394.2007.6.9,44
147,en.15.184.259.2010.6.1,45
147,en.3.356.402.2010.4.1,46
147,en.2.298.494.2010.1.27,47
147,en.15.167.146.2010.2.27,48
147,en.3.374.401.2007.6.14,49
147,en.2.268.396.2009.6.17,50
148,en.2.319.348.2010.6.6,1
148,en.13.56.214.2010.5.28,2
148,en.2.319.119.2010.6.5,3
148,en.15.123.98.2009.5.10,4
148,en.3.347.413.2010.2.5,5
148,en.15.245.345.2008.2.26,6
148,en.15.96.119.2008.11.17,7
148,en.3.333.71.2009.10.28,8
148,en.15.201.453.2007.8.9,9
148,en.15.184.150.2010.5.30,10
148,en.2.275.14.2009.8.3,11
148,en.15.92.355.2008.10.30,12
148,en.2.260.104.2009.4.29,13
148,en.15.210.65.2007.9.28,14
148,en.3.332.89.2009.10.17,15
148,en.2.278.240.2009.8.24,16
148,en.15.139.371.2009.8.11,17
148,en.15.184.146.2010.5.30,18
148,en.3.339.474.2009.12.7,19
148,en.2.263.399.2009.5.24,20
148,en.3.380.380.2007.7.17,21
148,en.15.247.496.2008.3.4,22
148,en.2.280.27.2009.9.9,23
148,en.15.216.77.2007.10.23,24
148,en.13.1.366.2009.6.2,25
148,en.3.403.135.2007.11.7,26
148,en.2.263.191.2009.5.23,27
148,en.15.167.412.2010.2.24,28
148,en.3.349.58.2010.2.11,29
148,en.2.264.86.2009.5.26,30
148,en.13.10.482.2009.7.29,31
148,en.15.90.370.2008.10.19,32
148,en.2.281.366.2009.9.9,33
148,en.3.366.425.2010.5.25,34
148,en.15.254.475.2008.3.27,35
148,en.3.412.31.2007.12.19,36
148,en.15.167.459.2010.2.24,37
148,en.13.30.253.2009.12.20,38
148,en.15.110.376.2009.3.24,39
148,en.15.67.341.2008.5.19,40
148,en.3.400.86.2007.10.25,41
148,en.15.124.192.2009.5.15,42
148,en.3.373.399.2007.6.12,43
148,en.3.347.448.2010.2.3,44
148,en.3.347.352.2010.2.3,45
148,en.15.209.425.2007.9.26,46
148,en.15.220.427.2007.11.9,47
148,en.2.279.318.2009.8.28,48
148,en.15.65.245.2008.5.7,49
148,en.15.62.263.2008.4.21,50
149,en.2.319.348.2010.6.6,1
149,en.13.56.214.2010.5.28,2
149,en.15.155.9.2009.12.10,3
149,en.15.167.10.2010.2.23,4
149,en.3.357.208.2010.4.8,5
149,en.3.350.336.2010.2.19,6
149,en.3.354.479.2010.3.19,7
149,en.15.113.441.2009.3.8,8
149,en.2.319.112.2010.6.4,9
149,en.15.125.49.2009.5.21,10
149,en.15.167.44.2010.2.23,11
149,en.15.92.120.2008.10.26,12
149,en.2.281.239.2009.9.14,13
149,en.15.113.264.2009.3.15,14
149,en.3.322.495.2009.8.7,15
149,en.3.333.406.2009.10.25,16
149,en.3.359.111.2010.4.19,17
149,en.3.361.102.2010.5.1,18
149,en.15.187.312.2007.6.3,19
149,en.15.106.477.2009.1.22,20
149,en.15.114.2.2009.3.4,21
149,en.15.125.495.2009.5.19,22
149,en.15.167.362.2010.2.22,23
149,en.2.282.149.2009.9.17,24
149,en.3.366.93.2010.5.26,25
149,en.3.406.347.2007.11.22,26
149,en.3.359.18.1970.1.1,27
149,en.3.353.80.2010.3.14,28
149,en.3.408.242.2007.11.29,29
149,en.15.114.264.2009.3.4,30
149,en.2.291.275.2009.12.1,31
149,en.2.263.324.2009.5.23,32
149,en.3.360.445.2010.4.22,33
149,en.3.405.1.2007.11.13,34
149,en.15.112.171.2009.3.10,35
149,en.15.242.237.2008.2.13,36
149,en.15.124.443.2009.5.15,37
149,en.3.390.102.2007.9.9,38
149,en.3.414.32.2007.12.28,39
149,en.2.309.154.2010.4.10,40
149,en.3.407.100.2007.11.24,41
149,en.15.227.174.2007.12.12,42
149,en.3.407.31.2007.11.25,43
149,en.15.80.89.2008.8.14,44
149,en.2.271.166.2009.7.9,45
149,en.3.359.169.2010.4.17,46
149,en.13.8.9.2009.7.12,47
149,en.2.279.348.2009.8.31,48
149,en.15.97.362.2008.11.22,49
149,en.3.407.209.2007.11.24,50
150,en.13.56.214.2010.5.28,1
150,en.2.319.348.2010.6.6,2
150,en.15.77.382.2008.7.24,3
150,en.3.372.80.2007.6.8,4
150,en.15.73.305.2008.6.29,5
150,en.2.289.130.2009.11.17,6
150,en.15.84.362.2008.9.12,7
150,en.15.86.409.2008.9.25,8
150,en.15.241.356.2008.2.11,9
150,en.15.86.119.2008.9.27,10
150,en.15.73.2.2008.6.27,11
150,en.15.98.399.2008.12.1,12
150,en.15.105.149.2009.1.13,13
150,en.3.401.494.2007.10.31,14
150,en.15.162.63.2010.1.25,15
150,en.15.89.328.2008.10.10,16
150,en.3.329.163.2009.9.25,17
150,en.2.298.468.2010.1.26,18
150,en.3.405.49.2007.11.17,19
150,en.15.86.122.2008.9.27,20
150,en.3.382.478.2007.7.27,21
150,en.15.109.400.2009.3.31,22
150,en.15.63.312.2008.4.24,23
150,en.3.349.255.2010.2.15,24
150,en.15.112.159.2009.3.16,25
150,en.2.278.438.2009.8.25,26
150,en.2.298.293.2010.1.29,27
150,en.3.348.182.2010.2.10,28
150,en.2.319.496.2010.6.7,29
150,en.13.41.313.2010.3.5,30
150,en.15.100.152.2008.12.13,31
150,en.13.3.499.2009.6.13,32
150,en.15.209.153.2007.9.18,33
150,en.15.187.446.2007.5.30,34
150,en.3.357.247.2010.4.8,35
150,en.3.410.210.2007.12.8,36
150,en.13.8.28.2009.7.14,37
150,en.2.296.82.2010.1.20,38
150,en.15.249.22.2008.3.10,39
150,en.2.320.349.2010.6.8,40
150,en.15.232.220.2008.1.7,41
150,en.15.203.377.2007.8.21,42
150,en.13.3.29.2009.6.12,43
150,en.13.8.390.2009.7.16,44
150,en.3.349.174.2010.2.12,45
150,en.15.250.280.2008.3.13,46
150,en.15.92.207.2008.10.28,47
150,en.15.135.386.2009.7.19,48
150,en.2.271.5.2009.7.9,49
150,en.2.268.466.2009.6.17,50
151,en.2.319.348.2010.6.6,1
151,en.13.56.214.2010.5.28,2
151,en.15.88.340.2008.10.8,3
151,en.15.147.290.2009.10.7,4
151,en.3.397.344.2007.10.10,5
151,en.15.156.356.2009.12.11,6
151,en.15.89.14.2008.10.10,7
151,en.15.155.279.2009.12.10,8
151,en.3.326.489.2009.9.5,9
151,en.3.395.422.2007.10.2,10
151,en.3.397.152.2007.10.12,11
151,en.15.132.397.2009.6.29,12
151,en.15.88.422.2008.10.8,13
151,en.15.89.64.2008.10.13,14
151,en.15.88.375.2008.10.6,15
151,en.15.155.59.2009.12.10,16
151,en.15.88.278.2008.10.7,17
151,en.3.396.335.2007.10.9,18
151,en.3.403.304.2007.11.6,19
151,en.3.410.285.2007.12.7,20
151,en.3.331.408.2009.10.12,21
151,en.15.88.452.2008.10.9,22
151,en.15.147.409.2009.10.5,23
151,en.3.400.76.2007.10.27,24
151,en.15.147.201.2009.10.6,25
151,en.3.408.234.2007.11.28,26
151,en.3.392.268.2007.9.20,27
151,en.2.258.81.2009.4.16,28
151,en.3.331.400.2009.10.9,29
151,en.3.331.13.2009.10.9,30
151,en.15.212.380.2007.10.8,31
151,en.3.397.285.2007.10.11,32
151,en.3.397.278.2007.10.11,33
151,en.2.291.469.2009.12.6,34
151,en.15.190.332.2007.6.13,35
151,en.3.343.474.2010.1.12,36
151,en.3.357.104.1970.1.1,37
151,en.15.78.42.2008.8.5,38
151,en.3.410.367.2007.12.7,39
151,en.3.390.44.2007.9.11,40
151,en.15.239.17.2008.2.5,41
151,en.15.88.58.2008.10.9,42
151,en.15.64.14.2008.4.26,43
151,en.15.156.220.2009.12.12,44
151,en.3.331.479.2009.10.9,45
151,en.3.331.446.2009.10.12,46
151,en.3.398.187.2007.10.18,47
151,en.3.331.180.2009.10.12,48
151,en.15.147.161.2009.10.6,49
151,en.3.331.165.2009.10.10,50
152,en.2.319.348.2010.6.6,1
152,en.13.56.214.2010.5.28,2
152,en.15.181.42.2010.5.18,3
152,en.3.414.447.2007.12.27,4
152,en.15.66.350.2008.5.13,5
152,en.3.382.18.2007.7.26,6
152,en.2.289.265.2009.11.17,7
152,en.3.354.305.2010.3.20,8
152,en.15.105.444.2009.1.20,9
152,en.3.343.472.1970.1.1,10
152,en.15.95.8.2008.11.12,11
152,en.15.204.43.2007.8.26,12
152,en.15.118.9.2009.4.7,13
152,en.15.156.103.2009.12.13,14
152,en.15.62.78.2008.4.21,15
152,en.15.66.357.2008.5.8,16
152,en.3.383.121.2007.8.5,17
152,en.15.227.283.2007.12.12,18
152,en.15.139.336.2009.8.11,19
152,en.2.283.312.2009.9.28,20
152,en.15.140.39.2009.8.23,21
152,en.15.230.365.2007.12.25,22
152,en.15.227.366.2007.12.11,23
152,en.15.244.233.2008.2.21,24
152,en.15.194.80.2007.7.2,25
152,en.3.363.168.2010.5.8,26
152,en.15.245.263.2008.2.26,27
152,en.15.204.490.2007.8.25,28
152,en.15.242.155.2008.2.13,29
152,en.2.270.8.2009.7.2,30
152,en.15.210.294.2007.9.29,31
152,en.15.62.416.2008.4.19,32
152,en.3.349.209.2010.2.12,33
152,en.15.239.28.2008.2.1,34
152,en.3.384.246.2007.8.7,35
152,en.3.417.201.2008.1.8,36
152,en.13.10.440.2009.7.28,37
152,en.15.210.402.2007.9.29,38
152,en.2.266.140.2009.6.10,39
152,en.15.99.488.2008.12.6,40
152,en.2.260.176.2009.4.29,41
152,en.3.350.499.2010.2.18,42
152,en.15.228.333.2007.12.17,43
152,en.15.82.404.2008.9.3,44
152,en.2.271.499.2009.7.8,45
152,en.15.220.468.2007.11.7,46
152,en.15.186.288.2007.5.27,47
152,en.15.75.393.2008.7.9,48
152,en.15.111.207.2009.3.20,49
152,en.2.278.367.2009.8.25,50
153,en.13.56.214.2010.5.28,1
153,en.2.319.348.2010.6.6,2
153,en.15.186.50.2007.5.29,3
153,en.15.74.162.2008.7.3,4
153,en.3.356.469.2010.3.30,5
153,en.3.331.385.2009.10.8,6
153,en.2.282.475.1970.1.1,7
153,en.15.240.305.2008.2.7,8
153,en.15.151.93.2009.11.2,9
153,en.3.417.145.2008.1.11,10
153,en.3.326.90.2009.9.2,11
153,en.15.238.111.2008.1.28,12
153,en.15.151.274.2009.11.6,13
153,en.3.332.295.2009.10.17,14
153,en.15.120.88.2009.4.22,15
153,en.15.91.97.2008.10.22,16
153,en.2.275.275.2009.8.1,17
153,en.3.373.7.2007.6.11,18
153,en.15.61.288.2008.4.16,19
153,en.15.90.350.2008.10.19,20
153,en.2.275.261.2009.8.2,21
153,en.15.132.109.2009.7.1,22
153,en.3.333.230.2009.10.28,23
153,en.3.410.270.2007.12.7,24
153,en.15.86.478.2008.9.24,25
153,en.2.289.31.2009.11.14,26
153,en.2.277.26.2009.8.18,27
153,en.15.98.371.2008.11.26,28
153,en.3.347.421.2010.2.3,29
153,en.15.218.291.2007.11.3,30
153,en.15.83.35.2008.9.7,31
153,en.15.123.76.2009.5.8,32
153,en.15.88.71.2008.10.6,33
153,en.13.27.359.2009.11.20,34
153,en.15.75.361.2008.7.12,35
153,en.15.84.294.2008.9.16,36
153,en.15.60.128.2008.4.9,37
153,en.2.260.296.2009.4.30,38
153,en.15.232.88.2008.1.4,39
153,en.13.8.301.2009.7.14,40
153,en.3.405.198.2007.11.14,41
153,en.15.113.343.2009.3.8,42
153,en.15.132.355.2009.6.26,43
153,en.2.311.122.2010.4.26,44
153,en.15.75.423.2008.7.10,45
153,en.15.128.97.2009.6.7,46
153,en.3.403.145.2007.11.7,47
153,en.15.202.324.2007.8.16,48
153,en.15.96.165.2008.11.18,49
153,en.2.268.1.2009.6.21,50
154,en.13.56.214.2010.5.28,1
154,en.2.319.348.2010.6.6,2
154,en.15.68.434.2008.5.25,3
154,en.3.379.384.2007.7.10,4
154,en.15.181.429.2010.5.17,5
154,en.15.67.40.2008.5.18,6
154,en.3.356.324.2010.4.2,7
154,en.15.67.77.2008.5.18,8
154,en.15.78.246.2008.8.1,9
154,en.2.262.308.2009.5.13,10
154,en.3.381.110.2007.7.20,11
154,en.15.181.68.2010.5.19,12
154,en.15.68.302.2008.5.26,13
154,en.15.87.290.2008.9.29,14
154,en.15.66.332.2008.5.13,15
154,en.15.70.289.2008.6.9,16
154,en.15.76.17.2008.7.22,17
154,en.15.155.375.2009.12.8,18
154,en.2.281.8.2009.9.13,19
154,en.15.225.462.2007.12.5,20
154,en.3.356.226.2010.3.30,21
154,en.13.1.500.2009.5.31,22
154,en.2.262.380.2009.5.11,23
154,en.15.254.362.2008.3.28,24
154,en.15.92.14.2008.10.27,25
154,en.3.417.77.2008.1.10,26
154,en.15.96.369.2008.11.17,27
154,en.3.417.302.2008.1.11,28
154,en.15.201.497.2007.8.13,29
154,en.3.407.135.2007.11.28,30
154,en.15.77.293.2008.7.24,31
154,en.3.329.383.2009.9.21,32
154,en.3.332.389.2009.10.20,33
154,en.15.77.220.2008.7.30,34
154,en.15.76.259.2008.7.20,35
154,en.15.220.316.2007.11.7,36
154,en.3.355.274.2010.3.23,37
154,en.15.77.336.2008.7.30,38
154,en.15.106.235.2009.1.27,39
154,en.3.331.61.2009.10.13,40
154,en.15.67.191.2008.5.20,41
154,en.2.260.223.2009.5.28,42
154,en.15.167.100.2010.2.26,43
154,en.15.186.163.2007.5.28,44
154,en.15.235.188.2008.1.20,45
154,en.15.220.248.2007.11.8,46
154,en.15.66.147.2008.5.14,47
154,en.15.85.106.2008.9.18,48
154,en.15.237.132.2008.1.24,49
154,en.3.379.8.2007.7.11,50
155,en.13.56.214.2010.5.28,1
155,en.2.319.348.2010.6.6,2
155,en.15.98.52.2008.11.29,3
155,en.15.98.319.2008.11.27,4
155,en.15.98.50.2008.11.28,5
155,en.15.210.495.2007.9.27,6
155,en.15.98.466.2008.11.29,7
155,en.15.100.101.2008.12.14,8
155,en.15.98.487.2008.11.29,9
155,en.15.98.75.2008.12.1,10
155,en.15.98.351.2008.11.27,11
155,en.15.98.336.2008.11.29,12
155,en.2.289.480.2009.11.15,13
155,en.15.100.203.2008.12.12,14
155,en.15.98.113.2008.11.27,15
155,en.15.98.136.2008.11.30,16
155,en.15.135.287.2009.7.20,17
155,en.15.98.459.2008.11.27,18
155,en.15.250.213.2008.3.12,19
155,en.15.154.454.2009.11.26,20
155,en.15.99.419.2008.12.2,21
155,en.15.99.439.2008.12.2,22
155,en.15.98.471.2008.11.30,23
155,en.15.98.370.2008.11.29,24
155,en.15.99.467.2008.12.3,25
155,en.13.51.414.2010.5.3,26
155,en.15.98.490.2008.11.29,27
155,en.15.99.451.2008.12.5,28
155,en.15.101.222.2008.12.21,29
155,en.15.98.331.2008.11.27,30
155,en.15.98.88.2008.11.27,31
155,en.15.98.105.2008.11.27,32
155,en.3.349.131.2010.2.15,33
155,en.2.263.53.2009.5.25,34
155,en.15.128.93.2009.6.4,35
155,en.15.98.15.2008.11.30,36
155,en.15.98.445.2008.11.27,37
155,en.15.103.241.2008.12.31,38
155,en.15.98.167.2008.11.27,39
155,en.3.349.484.2010.2.14,40
155,en.15.100.165.2008.12.15,41
155,en.15.99.423.2008.12.4,42
155,en.15.98.272.2008.11.28,43
155,en.15.154.94.2009.11.26,44
155,en.15.100.374.2008.12.12,45
155,en.15.98.294.2008.11.28,46
155,en.15.98.148.2008.11.27,47
155,en.15.98.204.2008.11.29,48
155,en.15.135.101.2009.7.19,49
155,en.15.154.362.2009.11.26,50
156,en.2.319.348.2010.6.6,1
156,en.13.56.214.2010.5.28,2
156,en.3.360.275.2010.4.26,3
156,en.3.359.317.2010.4.19,4
156,en.3.363.493.2010.5.10,5
156,en.3.359.232.2010.4.19,6
156,en.3.360.327.2010.4.26,7
156,en.3.360.335.2010.4.23,8
156,en.13.8.106.2009.7.15,9
156,en.3.360.272.2010.4.26,10
156,en.3.360.404.2010.4.22,11
156,en.15.135.380.2009.7.17,12
156,en.15.104.419.2009.1.10,13
156,en.13.41.87.2010.3.1,14
156,en.3.361.69.2010.4.27,15
156,en.13.8.291.2009.7.16,16
156,en.2.281.180.2009.9.15,17
156,en.15.86.151.2008.9.27,18
156,en.15.75.28.2008.7.14,19
156,en.13.8.473.2009.7.16,20
156,en.15.139.9.2009.8.12,21
156,en.2.262.193.2009.5.16,22
156,en.15.119.25.2009.4.10,23
156,en.13.25.344.2009.11.7,24
156,en.15.69.21.2008.6.3,25
156,en.15.75.271.2008.7.14,26
156,en.15.238.311.2008.1.28,27
156,en.3.352.48.2010.3.6,28
156,en.2.260.440.2009.4.29,29
156,en.15.95.275.2008.11.11,30
156,en.15.76.491.2008.7.15,31
156,en.3.329.477.2009.9.23,32
156,en.15.147.50.2009.10.6,33
156,en.3.398.2.2007.10.18,34
156,en.15.220.41.2007.11.7,35
156,en.3.361.402.2010.4.27,36
156,en.13.41.172.2010.3.5,37
156,en.13.26.99.2009.11.11,38
156,en.15.256.233.2008.4.8,39
156,en.15.246.475.2008.2.29,40
156,en.15.70.150.2008.6.9,41
156,en.15.242.186.2008.2.15,42
156,en.15.137.68.2009.7.30,43
156,en.3.353.186.2010.3.12,44
156,en.15.240.185.2008.2.7,45
156,en.15.130.374.2009.6.16,46
156,en.15.172.139.2010.3.26,47
156,en.15.121.423.2009.4.27,48
156,en.15.240.472.2008.2.8,49
156,en.15.161.405.2010.1.20,50
157,en.13.56.214.2010.5.28,1
157,en.2.319.348.2010.6.6,2
157,en.15.209.13.2007.9.19,3
157,en.3.373.274.2007.6.12,4
157,en.15.86.302.2008.9.27,5
157,en.2.311.231.2010.4.26,6
157,en.3.398.236.2007.10.18,7
157,en.3.360.405.2010.4.26,8
157,en.15.209.257.2007.9.26,9
157,en.15.186.359.2007.5.28,10
157,en.15.209.60.2007.9.26,11
157,en.13.31.349.2010.1.1,12
157,en.2.268.95.2009.6.17,13
157,en.3.398.321.2007.10.18,14
157,en.15.111.387.2009.3.17,15
157,en.15.83.92.2008.9.5,16
157,en.3.392.275.2007.9.22,17
157,en.3.373.453.2007.6.10,18
157,en.3.400.240.2007.10.24,19
157,en.15.209.262.2007.9.25,20
157,en.15.245.89.2008.2.25,21
157,en.3.349.104.2010.2.12,22
157,en.3.349.188.2010.2.12,23
157,en.15.212.102.2007.10.5,24
157,en.15.91.169.2008.10.21,25
157,en.3.400.63.2007.10.24,26
157,en.3.373.409.2007.6.11,27
157,en.3.380.332.2007.7.18,28
157,en.15.245.287.2008.2.25,29
157,en.15.63.217.2008.4.25,30
157,en.15.128.180.2009.6.5,31
157,en.3.388.499.2007.8.29,32
157,en.3.382.153.2007.7.29,33
157,en.15.162.110.2010.1.24,34
157,en.3.382.316.2007.7.28,35
157,en.2.309.260.2010.4.10,36
157,en.15.101.22.2008.12.17,37
157,en.3.405.26.2007.11.14,38
157,en.3.373.457.2007.6.12,39
157,en.3.349.203.2010.2.12,40
157,en.15.93.403.2008.11.3,41
157,en.3.374.484.2007.6.15,42
157,en.15.167.261.2010.2.24,43
157,en.15.106.178.2009.1.22,44
157,en.15.117.354.2009.2.23,45
157,en.15.210.174.2007.9.29,46
157,en.15.139.406.2009.8.14,47
157,en.15.240.454.2008.2.9,48
157,en.15.120.139.2009.4.22,49
157,en.15.243.272.2008.2.20,50
158,en.2.319.348.2010.6.6,1
158,en.13.56.214.2010.5.28,2
158,en.3.400.215.2007.10.24,3
158,en.15.215.361.2007.10.20,4
158,en.15.245.91.2008.2.25,5
158,en.15.245.275.2008.2.25,6
158,en.15.236.384.2008.1.23,7
158,en.2.283.337.2009.9.29,8
158,en.15.116.167.2009.2.16,9
158,en.3.400.59.2007.10.24,10
158,en.15.102.377.2008.12.26,11
158,en.15.247.498.2008.3.3,12
158,en.15.210.239.2007.10.1,13
158,en.15.73.36.2008.6.27,14
158,en.3.343.32.2010.1.13,15
158,en.15.72.402.2008.6.20,16
158,en.15.128.186.2009.6.7,17
158,en.15.81.457.2008.8.24,18
158,en.15.206.369.2007.8.31,19
158,en.2.258.272.2009.4.20,20
158,en.15.160.128.2010.1.16,21
158,en.15.82.379.2008.9.3,22
158,en.15.249.243.2008.3.12,23
158,en.15.83.116.2008.9.8,24
158,en.15.93.118.2008.11.1,25
158,en.15.121.59.2009.4.27,26
158,en.13.53.484.2010.5.13,27
158,en.13.59.404.2010.6.8,28
158,en.15.97.52.2008.11.23,29
158,en.13.27.317.2009.11.20,30
158,en.3.329.283.1970.1.1,31
158,en.15.238.104.2008.1.29,32
158,en.15.75.66.2008.7.8,33
158,en.15.87.86.2008.10.4,34
158,en.15.204.359.2007.8.27,35
158,en.15.240.416.2008.2.8,36
158,en.15.75.332.2008.7.13,37
158,en.15.245.492.2008.2.26,38
158,en.3.383.106.2007.8.1,39
158,en.2.291.32.2009.12.2,40
158,en.15.236.292.2008.1.20,41
158,en.15.250.62.2008.3.15,42
158,en.15.249.415.2008.3.12,43
158,en.15.103.481.2009.1.3,44
158,en.3.379.498.2007.7.11,45
158,en.13.55.350.2010.5.23,46
158,en.15.231.61.2007.12.31,47
158,en.13.27.99.2009.11.19,48
158,en.3.398.366.2007.10.18,49
158,en.13.27.192.2009.11.20,50
159,en.13.56.214.2010.5.28,1
159,en.2.319.348.2010.6.6,2
159,en.13.56.356.2010.5.27,3
159,en.2.317.255.2010.5.27,4
159,en.15.103.102.2008.12.30,5
159,en.3.380.434.2007.7.18,6
159,en.15.104.402.2009.1.5,7
159,en.15.254.125.2008.3.29,8
159,en.15.96.60.2008.11.19,9
159,en.13.59.378.2010.6.11,10
159,en.3.382.205.2007.7.26,11
159,en.15.103.368.2008.12.31,12
159,en.15.64.369.2008.4.26,13
159,en.15.103.177.2008.12.29,14
159,en.3.352.3.2010.3.8,15
159,en.2.282.184.2009.9.19,16
159,en.15.212.211.2007.10.4,17
159,en.15.96.223.2008.11.18,18
159,en.15.236.389.2008.1.24,19
159,en.15.238.185.2008.1.30,20
159,en.15.190.383.2007.6.12,21
159,en.15.70.290.2008.6.12,22
159,en.15.104.119.2009.1.10,23
159,en.3.352.221.1970.1.1,24
159,en.3.417.27.2008.1.8,25
159,en.15.80.339.2008.8.20,26
159,en.15.66.492.2008.5.9,27
159,en.15.100.117.2008.12.9,28
159,en.15.238.267.2008.1.30,29
159,en.15.104.283.2009.1.10,30
159,en.15.67.63.2008.5.19,31
159,en.15.229.470.2007.12.22,32
159,en.15.256.287.2008.4.7,33
159,en.15.99.364.2008.12.7,34
159,en.15.248.58.2008.3.9,35
159,en.15.256.86.2008.4.6,36
159,en.15.96.255.2008.11.17,37
159,en.2.260.67.2009.5.1,38
159,en.15.93.437.2008.10.31,39
159,en.15.91.213.2008.10.24,40
159,en.15.60.325.2008.4.10,41
159,en.2.309.260.2010.4.10,42
159,en.15.91.455.2008.10.24,43
159,en.15.103.179.2009.1.3,44
159,en.15.76.370.2008.7.18,45
159,en.15.102.381.2008.12.25,46
159,en.3.417.183.2008.1.9,47
159,en.15.68.428.2008.5.27,48
159,en.15.102.367.2008.12.28,49
159,en.15.108.308.2009.2.6,50
160,en.2.319.348.2010.6.6,1
160,en.13.56.214.2010.5.28,2
160,en.15.176.255.2010.4.23,3
160,en.15.66.86.2008.5.14,4
160,en.3.406.207.2007.11.23,5
160,en.15.253.80.2008.3.24,6
160,en.3.347.127.2010.2.4,7
160,en.3.374.345.2007.6.15,8
160,en.3.373.55.2007.6.12,9
160,en.15.60.25.2008.4.9,10
160,en.3.373.213.2007.6.11,11
160,en.3.419.267.2008.1.19,12
160,en.15.246.155.2008.3.1,13
160,en.15.147.116.2009.10.7,14
160,en.15.65.285.2008.5.4,15
160,en.15.228.451.2007.12.17,16
160,en.15.70.434.2008.6.9,17
160,en.15.95.128.2008.11.12,18
160,en.15.244.106.2008.2.23,19
160,en.15.246.341.2008.3.2,20
160,en.15.245.362.2008.2.27,21
160,en.15.212.32.2007.10.5,22
160,en.15.105.490.2009.1.12,23
160,en.15.251.243.2008.3.17,24
160,en.15.237.344.2008.1.25,25
160,en.3.384.387.2007.8.7,26
160,en.15.98.401.2008.12.2,27
160,en.3.392.194.2007.9.20,28
160,en.15.203.111.2007.8.20,29
160,en.3.414.243.2007.12.29,30
160,en.15.244.350.2008.2.20,31
160,en.15.245.455.2008.2.26,32
160,en.15.69.373.2008.5.29,33
160,en.15.65.227.2008.5.4,34
160,en.15.245.16.2008.2.27,35
160,en.15.98.315.2008.12.1,36
160,en.3.406.240.2007.11.22,37
160,en.15.108.227.2009.2.6,38
160,en.15.109.329.2009.2.10,39
160,en.15.132.133.2009.7.1,40
160,en.3.377.408.2007.6.28,41
160,en.3.378.249.2007.7.7,42
160,en.3.374.498.2007.6.15,43
160,en.15.247.230.2008.3.3,44
160,en.15.104.95.2009.1.8,45
160,en.3.391.456.2007.9.13,46
160,en.15.238.484.2008.1.29,47
160,en.15.78.289.2008.7.31,48
160,en.3.378.11.2007.7.9,49
160,en.15.107.460.2009.1.28,50
161,en.2.319.348.2010.6.6,1
161,en.13.56.214.2010.5.28,2
161,en.3.377.311.2007.6.29,3
161,en.15.73.133.2008.6.26,4
161,en.15.253.200.2008.3.25,5
161,en.15.132.497.2009.6.26,6
161,en.3.392.446.2007.9.19,7
161,en.15.104.212.2009.1.7,8
161,en.15.132.328.2009.6.27,9
161,en.3.394.389.2007.10.1,10
161,en.15.97.295.2008.11.26,11
161,en.3.382.67.2007.7.27,12
161,en.15.111.457.2009.3.22,13
161,en.15.220.389.2007.11.7,14
161,en.15.248.153.2008.3.7,15
161,en.15.107.188.2009.1.30,16
161,en.15.242.444.2008.2.15,17
161,en.3.391.202.2007.9.12,18
161,en.15.63.12.2008.4.22,19
161,en.15.105.271.2009.1.12,20
161,en.3.379.203.2007.7.9,21
161,en.15.104.103.2009.1.10,22
161,en.15.247.265.2008.3.5,23
161,en.3.417.372.2008.1.10,24
161,en.15.236.15.2008.1.23,25
161,en.15.80.380.2008.8.14,26
161,en.15.210.69.2007.9.28,27
161,en.15.94.459.2008.11.5,28
161,en.15.82.362.2008.9.1,29
161,en.3.405.410.2007.11.15,30
161,en.15.232.414.2008.1.4,31
161,en.15.101.398.2008.12.18,32
161,en.3.397.44.2007.10.10,33
161,en.3.392.150.2007.9.20,34
161,en.15.85.492.2008.9.19,35
161,en.15.247.216.2008.3.3,36
161,en.15.237.18.2008.1.25,37
161,en.3.397.266.2007.10.13,38
161,en.15.236.190.2008.1.22,39
161,en.15.105.37.2009.1.15,40
161,en.15.251.195.2008.3.18,41
161,en.15.243.499.2008.2.18,42
161,en.3.383.58.2007.8.4,43
161,en.15.241.114.2008.2.9,44
161,en.15.73.498.2008.6.27,45
161,en.15.95.257.2008.11.16,46
161,en.3.414.30.2007.12.30,47
161,en.3.414.49.2007.12.30,48
161,en.15.243.2.2008.2.19,49
161,en.3.395.56.2007.10.2,50
162,en.13.56.214.2010.5.28,1
162,en.2.319.348.2010.6.6,2
162,en.15.136.348.2009.7.27,3
162,en.2.319.185.2010.6.3,4
162,en.13.55.209.2010.5.22,5
162,en.15.115.426.2009.2.11,6
162,en.15.184.383.2010.5.31,7
162,en.15.240.448.2008.2.7,8
162,en.15.240.449.2008.2.6,9
162,en.3.356.366.2010.4.1,10
162,en.15.68.215.2008.5.26,11
162,en.3.360.107.2010.4.25,12
162,en.15.64.24.2008.4.29,13
162,en.15.83.104.2008.9.5,14
162,en.15.252.199.2008.3.22,15
162,en.2.319.277.2010.6.7,16
162,en.3.381.220.2007.7.25,17
162,en.15.70.218.2008.6.12,18
162,en.15.248.461.2008.3.8,19
162,en.15.85.312.2008.9.18,20
162,en.15.240.116.2008.2.6,21
162,en.15.147.470.2009.10.7,22
162,en.15.240.134.2008.2.6,23
162,en.15.194.145.2007.7.4,24
162,en.15.250.153.2008.3.15,25
162,en.15.250.365.2008.3.15,26
162,en.15.240.173.2008.2.6,27
162,en.15.240.340.2008.2.6,28
162,en.15.240.194.2008.2.7,29
162,en.15.250.300.2008.3.16,30
162,en.15.93.317.2008.11.3,31
162,en.15.203.223.2007.8.22,32
162,en.3.382.273.2007.7.26,33
162,en.15.66.443.2008.5.11,34
162,en.15.250.284.2008.3.15,35
162,en.15.66.93.2008.5.12,36
162,en.15.140.100.2009.8.21,37
162,en.15.203.42.2007.8.20,38
162,en.15.119.66.2009.4.11,39
162,en.3.359.166.2010.4.17,40
162,en.15.103.309.2008.12.30,41
162,en.15.104.22.2009.1.8,42
162,en.15.178.475.2010.5.4,43
162,en.13.31.411.2009.12.30,44
162,en.3.332.246.2009.10.18,45
162,en.15.252.326.2008.3.19,46
162,en.2.275.480.2009.8.4,47
162,en.15.136.320.2009.7.21,48
162,en.15.135.21.2009.7.19,49
162,en.15.111.82.2009.3.23,50
163,en.2.319.348.2010.6.6,1
163,en.13.56.214.2010.5.28,2
163,en.15.238.200.2008.1.30,3
163,en.3.354.305.2010.3.20,4
163,en.2.289.265.2009.11.17,5
163,en.3.333.94.2009.10.28,6
163,en.3.333.383.2009.10.28,7
163,en.15.117.143.2009.2.23,8
163,en.2.298.5.2010.1.26,9
163,en.3.360.18.2010.4.22,10
163,en.3.349.466.2010.2.11,11
163,en.15.90.126.2008.10.16,12
163,en.15.140.39.2009.8.23,13
163,en.2.298.77.2010.1.26,14
163,en.2.270.185.2009.7.2,15
163,en.15.91.61.2008.10.20,16
163,en.15.70.441.2008.6.10,17
163,en.3.372.249.2007.6.8,18
163,en.15.162.85.2010.1.22,19
163,en.15.121.11.2009.4.26,20
163,en.3.384.125.2007.8.6,21
163,en.3.410.160.2007.12.8,22
163,en.3.417.273.2008.1.10,23
163,en.13.10.440.2009.7.28,24
163,en.2.282.442.2009.9.18,25
163,en.15.218.424.2007.11.2,26
163,en.3.383.72.2007.8.5,27
163,en.2.298.92.2010.1.26,28
163,en.15.242.375.2008.2.13,29
163,en.3.414.348.2007.12.29,30
163,en.15.82.20.2008.8.28,31
163,en.15.246.447.2008.2.29,32
163,en.15.232.30.2008.1.6,33
163,en.15.118.453.2009.4.8,34
163,en.2.271.180.2009.7.9,35
163,en.2.258.172.2009.4.20,36
163,en.3.361.253.2010.4.28,37
163,en.15.155.238.2009.12.9,38
163,en.3.348.422.2010.2.9,39
163,en.15.245.499.2008.2.27,40
163,en.3.408.61.2007.11.29,41
163,en.15.125.362.2009.5.19,42
163,en.15.107.424.2009.2.1,43
163,en.15.187.382.2007.5.31,44
163,en.15.218.459.2007.10.31,45
163,en.3.338.371.2009.12.5,46
163,en.3.338.181.2009.12.5,47
163,en.15.120.421.2009.4.22,48
163,en.15.68.431.2008.5.23,49
163,en.3.408.60.2007.11.28,50
164,en.2.319.348.2010.6.6,1
164,en.13.56.214.2010.5.28,2
164,en.15.141.445.2009.8.29,3
164,en.2.298.269.1970.1.1,4
164,en.15.220.5.2007.11.10,5
164,en.15.137.476.2009.7.31,6
164,en.15.107.259.2009.1.29,7
164,en.15.102.78.2008.12.23,8
164,en.15.112.273.2009.3.11,9
164,en.13.30.297.2009.12.23,10
164,en.3.333.197.2009.10.27,11
164,en.15.113.262.2009.3.14,12
164,en.3.327.392.2009.9.12,13
164,en.13.8.466.2009.7.11,14
164,en.15.136.153.2009.7.20,15
164,en.15.96.418.2008.11.20,16
164,en.15.132.336.2009.6.29,17
164,en.15.132.5.2009.6.26,18
164,en.3.375.165.2007.6.19,19
164,en.15.132.489.2009.6.26,20
164,en.15.132.202.2009.6.26,21
164,en.15.132.99.2009.6.30,22
164,en.15.89.352.2008.10.12,23
164,en.13.8.68.2009.7.11,24
164,en.15.136.376.2009.7.25,25
164,en.2.270.162.2009.7.2,26
164,en.15.87.431.2008.10.1,27
164,en.2.282.345.2009.9.19,28
164,en.2.271.301.2009.7.8,29
164,en.15.113.158.2009.3.6,30
164,en.15.132.121.2009.6.30,31
164,en.2.281.481.2009.9.9,32
164,en.15.132.479.2009.6.26,33
164,en.2.271.392.2009.7.8,34
164,en.15.132.44.2009.6.26,35
164,en.3.326.101.2009.9.6,36
164,en.2.275.340.2009.8.4,37
164,en.2.275.213.2009.8.4,38
164,en.15.132.195.2009.6.26,39
164,en.15.132.317.2009.6.26,40
164,en.15.132.246.2009.6.26,41
164,en.3.333.336.2009.10.23,42
164,en.15.132.332.2009.6.26,43
164,en.2.270.133.2009.7.3,44
164,en.2.270.11.2009.7.3,45
164,en.15.132.155.2009.7.1,46
164,en.2.271.457.2009.7.8,47
164,en.15.97.199.2008.11.24,48
164,en.15.132.54.2009.6.30,49
164,en.15.132.63.2009.6.26,50
165,en.2.319.348.2010.6.6,1
165,en.13.56.214.2010.5.28,2
165,en.15.172.295.2010.3.28,3
165,en.15.72.330.2008.6.20,4
165,en.15.237.155.2008.1.25,5
165,en.15.61.231.2008.4.15,6
165,en.3.333.185.2009.10.29,7
165,en.3.361.273.2010.4.30,8
165,en.3.389.265.2007.9.1,9
165,en.3.358.462.2010.4.12,10
165,en.3.382.150.2007.7.31,11
165,en.15.246.283.2008.2.29,12
165,en.3.363.157.2010.5.6,13
165,en.13.30.47.2009.12.21,14
165,en.3.357.5.2010.4.7,15
165,en.15.240.124.2008.2.6,16
165,en.15.241.337.2008.2.10,17
165,en.3.383.146.2007.8.1,18
165,en.15.76.496.2008.7.16,19
165,en.3.363.416.2010.5.11,20
165,en.15.95.279.2008.11.14,21
165,en.2.264.383.2009.5.26,22
165,en.3.356.329.2010.4.4,23
165,en.15.249.344.2008.3.11,24
165,en.3.366.131.2010.5.24,25
165,en.15.243.114.2008.2.20,26
165,en.3.398.90.2007.10.18,27
165,en.15.241.194.2008.2.11,28
165,en.3.357.111.2010.4.5,29
165,en.3.357.73.2010.4.9,30
165,en.15.132.65.2009.6.26,31
165,en.2.260.203.2009.5.2,32
165,en.3.358.495.2010.4.12,33
165,en.3.357.321.1970.1.1,34
165,en.3.373.101.2007.6.9,35
165,en.15.240.277.2008.2.7,36
165,en.15.74.274.2008.7.7,37
165,en.15.69.93.2008.6.3,38
165,en.15.241.157.2008.2.10,39
165,en.3.356.426.2010.4.3,40
165,en.3.398.225.2007.10.17,41
165,en.15.123.283.2009.5.6,42
165,en.15.151.369.2009.11.6,43
165,en.15.77.358.2008.7.26,44
165,en.15.156.39.2009.12.15,45
165,en.15.246.228.2008.2.27,46
165,en.15.71.256.2008.6.18,47
165,en.15.101.128.2008.12.16,48
165,en.15.215.457.2007.10.20,49
165,en.15.251.371.2008.3.16,50
166,en.13.56.214.2010.5.28,1
166,en.2.319.348.2010.6.6,2
166,en.13.3.433.2009.6.11,3
166,en.3.366.26.2010.5.25,4
166,en.2.268.58.2009.6.17,5
166,en.3.353.239.2010.3.13,6
166,en.15.251.200.2008.3.17,7
166,en.13.1.76.2009.6.2,8
166,en.3.326.350.2009.9.2,9
166,en.2.275.398.2009.8.2,10
166,en.2.270.40.2009.7.2,11
166,en.15.106.200.2009.1.26,12
166,en.15.128.421.2009.6.4,13
166,en.15.123.265.2009.5.6,14
166,en.15.249.166.2008.3.10,15
166,en.15.119.153.2009.4.15,16
166,en.15.231.249.2008.1.2,17
166,en.2.291.354.2009.12.2,18
166,en.15.67.357.2008.5.17,19
166,en.3.391.104.2007.9.13,20
166,en.15.156.457.2009.12.17,21
166,en.3.380.14.2007.7.18,22
166,en.13.1.86.2009.6.2,23
166,en.2.268.147.2009.6.19,24
166,en.15.128.82.2009.6.4,25
166,en.15.63.468.2008.4.23,26
166,en.3.406.72.2007.11.21,27
166,en.2.268.303.2009.6.17,28
166,en.3.397.157.2007.10.11,29
166,en.15.135.430.2009.7.17,30
166,en.2.266.20.2009.6.9,31
166,en.3.332.96.2009.10.20,32
166,en.15.68.239.2008.5.28,33
166,en.15.106.230.2009.1.25,34
166,en.2.268.443.2009.6.18,35
166,en.15.66.196.2008.5.8,36
166,en.15.109.229.2009.3.31,37
166,en.13.1.212.2009.6.2,38
166,en.15.100.122.2008.12.14,39
166,en.15.125.95.2009.5.21,40
166,en.13.1.248.2009.6.1,41
166,en.15.132.314.2009.6.28,42
166,en.15.253.179.2008.3.24,43
166,en.15.60.71.2008.4.10,44
166,en.13.55.175.2010.5.24,45
166,en.2.319.176.2010.6.6,46
166,en.15.254.200.2008.3.28,47
166,en.13.1.270.2009.6.1,48
166,en.3.361.359.2010.4.28,49
166,en.15.246.433.2008.2.28,50
167,en.13.56.214.2010.5.28,1
167,en.2.319.348.2010.6.6,2
167,en.15.204.340.2007.8.24,3
167,en.15.188.413.2007.6.4,4
167,en.15.101.38.2008.12.21,5
167,en.15.243.346.2008.2.18,6
167,en.15.209.454.2007.9.25,7
167,en.15.140.356.2009.8.21,8
167,en.15.90.130.2008.10.17,9
167,en.2.289.471.2009.11.14,10
167,en.3.358.335.2010.4.12,11
167,en.15.140.455.2009.8.21,12
167,en.3.377.66.2007.6.29,13
167,en.15.204.210.2007.8.23,14
167,en.15.212.100.2007.10.8,15
167,en.3.357.237.2010.4.5,16
167,en.2.266.3.2009.6.9,17
167,en.15.234.467.2008.1.14,18
167,en.2.278.256.2009.8.25,19
167,en.15.110.134.2009.3.30,20
167,en.15.252.44.2008.3.19,21
167,en.3.356.105.2010.4.1,22
167,en.15.82.48.2008.8.30,23
167,en.3.395.8.2007.10.4,24
167,en.3.356.372.2010.3.31,25
167,en.3.356.31.2010.4.2,26
167,en.3.356.407.2010.4.1,27
167,en.3.356.318.2010.4.1,28
167,en.13.8.6.2009.7.15,29
167,en.3.389.415.2007.9.1,30
167,en.15.253.457.2008.3.26,31
167,en.2.291.112.2009.11.30,32
167,en.15.147.312.2009.10.7,33
167,en.3.395.255.2007.10.3,34
167,en.15.212.310.2007.10.8,35
167,en.15.89.193.2008.10.12,36
167,en.2.281.240.2009.9.16,37
167,en.3.348.432.2010.2.6,38
167,en.2.296.393.2010.1.20,39
167,en.2.270.291.2009.7.4,40
167,en.2.277.252.2009.8.18,41
167,en.2.277.418.2009.8.18,42
167,en.15.120.421.2009.4.22,43
167,en.3.356.102.2010.3.31,44
167,en.3.356.498.2010.3.31,45
167,en.3.372.270.2007.6.8,46
167,en.3.347.153.2010.1.30,47
167,en.15.212.300.2007.10.6,48
167,en.15.156.175.2009.12.13,49
167,en.15.246.304.2008.3.2,50
168,en.2.319.348.2010.6.6,1
168,en.13.56.214.2010.5.28,2
168,en.15.167.213.2010.2.26,3
168,en.2.264.180.2009.5.27,4
168,en.2.263.40.2009.5.26,5
168,en.15.238.113.2008.1.30,6
168,en.2.270.298.2009.7.3,7
168,en.15.82.87.2008.9.2,8
168,en.3.400.28.2007.10.24,9
168,en.15.84.400.2008.9.12,10
168,en.15.84.8.2008.9.12,11
168,en.15.124.469.2009.5.15,12
168,en.15.162.204.2010.1.25,13
168,en.15.220.369.2007.11.8,14
168,en.15.123.289.2009.5.9,15
168,en.2.264.97.2009.5.29,16
168,en.15.83.205.2008.9.7,17
168,en.15.247.413.2008.3.4,18
168,en.15.139.169.2009.8.11,19
168,en.15.140.411.2009.8.21,20
168,en.15.219.113.2007.11.4,21
168,en.15.132.213.2009.6.30,22
168,en.15.238.174.2008.1.30,23
168,en.15.123.434.2009.5.7,24
168,en.15.124.147.2009.5.15,25
168,en.15.220.203.2007.11.9,26
168,en.15.110.137.2009.3.24,27
168,en.15.106.497.2009.1.24,28
168,en.15.139.411.2009.8.13,29
168,en.15.147.471.2009.10.3,30
168,en.13.30.94.2009.12.21,31
168,en.15.124.489.2009.5.15,32
168,en.13.1.360.2009.5.30,33
168,en.3.326.69.2009.9.4,34
168,en.15.108.192.2009.2.2,35
168,en.15.81.492.2008.8.26,36
168,en.2.289.436.1970.1.1,37
168,en.15.242.304.2008.2.13,38
168,en.13.3.104.2009.6.11,39
168,en.13.1.9.2009.5.31,40
168,en.13.10.152.2009.7.28,41
168,en.15.68.11.2008.5.27,42
168,en.15.147.362.2009.10.7,43
168,en.15.70.145.2008.6.10,44
168,en.2.261.201.2009.5.5,45
168,en.15.68.358.2008.5.27,46
168,en.2.277.300.2009.8.18,47
168,en.3.363.48.2010.5.11,48
168,en.15.76.267.2008.7.17,49
168,en.2.275.459.2009.8.4,50
169,en.13.56.214.2010.5.28,1
169,en.2.319.348.2010.6.6,2
169,en.15.95.229.2008.11.13,3
169,en.3.357.280.2010.4.5,4
169,en.2.263.22.2009.5.24,5
169,en.2.271.191.2009.7.8,6
169,en.15.228.44.2007.12.17,7
169,en.3.333.18.2009.10.25,8
169,en.2.296.82.2010.1.20,9
169,en.15.192.495.2007.6.22,10
169,en.15.135.287.2009.7.20,11
169,en.15.83.116.2008.9.8,12
169,en.15.98.148.2008.11.27,13
169,en.15.215.347.2007.10.21,14
169,en.15.98.471.2008.11.30,15
169,en.2.283.337.2009.9.29,16
169,en.15.68.246.2008.5.26,17
169,en.15.206.369.2007.8.31,18
169,en.15.110.140.2009.3.29,19
169,en.15.98.375.2008.11.27,20
169,en.15.161.425.2010.1.20,21
169,en.15.236.462.2008.1.22,22
169,en.15.234.438.2008.1.16,23
169,en.13.51.414.2010.5.3,24
169,en.15.215.19.2007.10.22,25
169,en.15.85.177.2008.9.20,26
169,en.13.27.317.2009.11.20,27
169,en.3.414.359.2007.12.27,28
169,en.3.356.486.2010.3.31,29
169,en.15.231.400.2008.1.2,30
169,en.3.394.408.2007.10.2,31
169,en.15.121.393.2009.4.24,32
169,en.2.277.90.2009.8.21,33
169,en.15.98.356.2008.12.2,34
169,en.3.348.83.2010.2.6,35
169,en.15.194.345.2007.7.6,36
169,en.15.99.423.2008.12.4,37
169,en.13.53.86.2010.5.13,38
169,en.15.94.165.2008.11.8,39
169,en.3.380.192.2007.7.16,40
169,en.3.378.83.2007.7.8,41
169,en.15.75.332.2008.7.13,42
169,en.3.393.475.2007.9.23,43
169,en.15.231.338.2008.1.1,44
169,en.15.101.305.2008.12.16,45
169,en.3.400.59.2007.10.24,46
169,en.15.128.309.2009.6.7,47
169,en.15.98.250.2008.11.29,48
169,en.2.262.220.2009.5.12,49
169,en.3.333.304.2009.10.24,50
170,en.2.319.348.2010.6.6,1
170,en.13.56.214.2010.5.28,2
170,en.15.101.124.2008.12.16,3
170,en.15.125.494.2009.5.18,4
170,en.3.392.102.2007.9.19,5
170,en.3.322.495.2009.8.7,6
170,en.3.403.302.2007.11.7,7
170,en.3.398.359.2007.10.16,8
170,en.15.232.10.2008.1.3,9
170,en.15.68.332.2008.5.22,10
170,en.15.194.359.2007.7.4,11
170,en.15.63.349.2008.4.22,12
170,en.15.251.52.2008.3.17,13
170,en.15.116.448.2009.2.17,14
170,en.3.406.177.2007.11.18,15
170,en.3.377.335.2007.6.28,16
170,en.15.64.155.2008.4.28,17
170,en.15.231.107.2007.12.30,18
170,en.13.30.425.2009.12.19,19
170,en.15.209.197.2007.9.26,20
170,en.15.61.168.2008.4.15,21
170,en.15.96.386.2008.11.18,22
170,en.15.61.31.2008.4.16,23
170,en.3.376.273.2007.6.23,24
170,en.15.116.306.2009.2.18,25
170,en.15.116.276.2009.2.19,26
170,en.2.262.405.2009.5.14,27
170,en.15.132.162.2009.6.25,28
170,en.2.258.418.2009.4.21,29
170,en.15.63.163.2008.4.22,30
170,en.15.220.180.2007.11.11,31
170,en.15.71.204.2008.6.15,32
170,en.15.81.115.2008.8.22,33
170,en.15.249.229.2008.3.10,34
170,en.13.5.357.2009.6.24,35
170,en.15.109.87.2009.3.30,36
170,en.15.232.437.2008.1.5,37
170,en.15.209.222.2007.9.18,38
170,en.3.414.12.2007.12.29,39
170,en.3.376.224.2007.6.25,40
170,en.3.417.391.2008.1.10,41
170,en.15.194.435.2007.7.5,42
170,en.15.117.114.2009.2.24,43
170,en.3.417.324.2008.1.8,44
170,en.15.202.208.2007.8.15,45
170,en.15.117.287.2009.2.23,46
170,en.15.109.127.2009.3.31,47
170,en.15.112.3.2009.3.9,48
170,en.15.60.359.2008.4.10,49
170,en.15.132.145.2009.6.28,50
171,en.2.319.348.2010.6.6,1
171,en.13.56.214.2010.5.28,2
171,en.3.395.123.2007.10.3,3
171,en.15.66.332.2008.5.13,4
171,en.15.67.152.2008.5.18,5
171,en.3.374.44.2007.6.14,6
171,en.3.379.217.2007.7.12,7
171,en.15.74.357.2008.7.1,8
171,en.15.71.190.2008.6.18,9
171,en.3.382.372.2007.7.30,10
171,en.3.384.308.2007.8.6,11
171,en.15.95.432.2008.11.11,12
171,en.3.333.229.2009.10.26,13
171,en.15.194.127.2007.7.4,14
171,en.15.68.352.2008.5.25,15
171,en.15.67.41.2008.5.22,16
171,en.15.125.440.2009.5.21,17
171,en.15.68.207.2008.5.27,18
171,en.3.355.14.2010.3.24,19
171,en.15.105.434.2009.1.20,20
171,en.2.275.263.2009.8.5,21
171,en.15.63.105.2008.4.23,22
171,en.15.69.266.2008.6.3,23
171,en.3.383.70.2007.7.31,24
171,en.2.262.468.2009.5.12,25
171,en.3.349.343.2010.2.14,26
171,en.15.96.243.2008.11.16,27
171,en.2.291.166.2009.12.4,28
171,en.15.201.150.2007.8.13,29
171,en.15.67.153.2008.5.21,30
171,en.2.260.316.2009.5.4,31
171,en.15.220.387.2007.11.12,32
171,en.3.333.249.2009.10.26,33
171,en.13.31.456.2010.1.3,34
171,en.15.125.131.2009.5.20,35
171,en.15.109.343.2009.2.8,36
171,en.3.339.311.2009.12.7,37
171,en.3.391.143.2007.9.16,38
171,en.15.188.42.2007.6.6,39
171,en.15.132.19.2009.6.25,40
171,en.3.358.165.2010.4.13,41
171,en.15.67.499.2008.5.21,42
171,en.2.275.110.2009.8.6,43
171,en.3.398.200.2007.10.18,44
171,en.15.83.272.2008.9.8,45
171,en.3.349.302.2010.2.16,46
171,en.2.317.332.2010.5.27,47
171,en.15.76.239.2008.7.15,48
171,en.15.68.302.2008.5.26,49
171,en.15.85.285.2008.9.17,50
172,en.13.56.214.2010.5.28,1
172,en.2.319.348.2010.6.6,2
172,en.3.381.130.2007.7.23,3
172,en.3.383.98.2007.8.1,4
172,en.3.388.431.2007.8.31,5
172,en.2.289.265.2009.11.17,6
172,en.3.354.305.2010.3.20,7
172,en.15.196.21.2007.7.13,8
172,en.15.194.368.2007.7.5,9
172,en.15.203.408.2007.8.22,10
172,en.15.140.39.2009.8.23,11
172,en.13.10.440.2009.7.28,12
172,en.3.361.178.2010.4.27,13
172,en.3.381.449.2007.7.25,14
172,en.3.361.253.2010.4.28,15
172,en.15.69.33.2008.6.2,16
172,en.15.247.418.2008.3.3,17
172,en.15.245.45.2008.2.26,18
172,en.3.381.204.2007.7.25,19
172,en.15.123.147.2009.5.7,20
172,en.15.202.262.2007.8.14,21
172,en.15.107.490.2009.1.28,22
172,en.15.201.359.2007.8.10,23
172,en.15.103.60.2009.1.1,24
172,en.3.410.159.2007.12.7,25
172,en.15.62.282.2008.4.20,26
172,en.3.357.317.2010.4.5,27
172,en.3.403.27.2007.11.5,28
172,en.15.97.133.2008.11.24,29
172,en.15.201.139.2007.8.13,30
172,en.2.278.406.2009.8.26,31
172,en.13.53.172.2010.5.13,32
172,en.13.51.120.2010.5.3,33
172,en.15.234.438.2008.1.16,34
172,en.2.275.37.2009.8.5,35
172,en.3.392.54.2007.9.20,36
172,en.15.125.394.2009.5.17,37
172,en.13.31.165.2009.12.27,38
172,en.15.78.400.2008.8.3,39
172,en.3.381.106.2007.7.21,40
172,en.3.417.380.2008.1.12,41
172,en.15.236.296.2008.1.20,42
172,en.15.91.245.2008.10.22,43
172,en.15.116.406.2009.2.14,44
172,en.15.78.270.2008.8.5,45
172,en.2.266.454.2009.6.9,46
172,en.15.78.143.2008.8.3,47
172,en.15.110.40.2009.3.24,48
172,en.13.55.37.2010.5.21,49
172,en.3.373.326.2007.6.9,50
173,en.13.56.214.2010.5.28,1
173,en.2.319.348.2010.6.6,2
173,en.15.75.348.2008.7.10,3
173,en.3.390.295.2007.9.6,4
173,en.3.414.233.2007.12.27,5
173,en.15.218.180.2007.11.3,6
173,en.3.400.130.2007.10.26,7
173,en.15.80.367.2008.8.15,8
173,en.3.361.75.2010.4.29,9
173,en.3.358.277.1970.1.1,10
173,en.15.228.480.2007.12.18,11
173,en.3.407.325.2007.11.27,12
173,en.15.253.116.2008.3.24,13
173,en.15.81.221.2008.8.23,14
173,en.15.78.382.2008.8.6,15
173,en.15.110.157.2009.3.27,16
173,en.15.238.81.2008.1.30,17
173,en.15.80.47.2008.8.14,18
173,en.3.373.135.2007.6.11,19
173,en.15.220.213.2007.11.8,20
173,en.15.218.174.2007.11.3,21
173,en.3.366.283.2010.5.26,22
173,en.15.209.7.2007.9.25,23
173,en.15.62.458.2008.4.18,24
173,en.3.400.398.2007.10.25,25
173,en.15.227.225.2007.12.12,26
173,en.2.289.413.2009.11.14,27
173,en.15.250.160.2008.3.12,28
173,en.15.216.187.2007.10.23,29
173,en.15.60.324.2008.4.10,30
173,en.15.59.425.2008.4.9,31
173,en.3.384.116.2007.8.7,32
173,en.2.278.374.2009.8.26,33
173,en.3.406.88.2007.11.21,34
173,en.3.361.381.2010.4.29,35
173,en.15.246.275.2008.2.29,36
173,en.15.245.214.2008.2.26,37
173,en.15.252.424.2008.3.23,38
173,en.3.393.302.2007.9.24,39
173,en.13.55.43.2010.5.21,40
173,en.2.319.295.2010.6.3,41
173,en.15.253.398.2008.3.26,42
173,en.15.74.418.2008.7.5,43
173,en.15.72.103.2008.6.23,44
173,en.15.79.237.2008.8.8,45
173,en.2.282.410.2009.9.18,46
173,en.3.388.451.2007.8.30,47
173,en.15.243.226.2008.2.17,48
173,en.15.227.176.2007.12.13,49
173,en.15.245.22.2008.2.25,50
174,en.2.319.348.2010.6.6,1
174,en.13.56.214.2010.5.28,2
174,en.2.291.229.2009.12.3,3
174,en.15.240.208.2008.2.7,4
174,en.15.238.192.2008.1.29,5
174,en.15.60.38.2008.4.11,6
174,en.2.262.318.2009.5.12,7
174,en.15.245.19.2008.2.25,8
174,en.15.102.397.2008.12.23,9
174,en.15.244.36.2008.2.22,10
174,en.15.110.254.2009.3.24,11
174,en.3.333.75.2009.10.25,12
174,en.15.130.119.2009.6.15,13
174,en.3.322.399.2009.8.9,14
174,en.3.322.82.2009.8.9,15
174,en.15.119.21.2009.4.13,16
174,en.15.246.237.2008.2.28,17
174,en.2.261.100.2009.5.5,18
174,en.15.237.79.2008.1.25,19
174,en.3.373.258.2007.6.9,20
174,en.15.73.424.2008.6.25,21
174,en.15.130.237.2009.6.15,22
174,en.2.289.202.1970.1.1,23
174,en.15.115.418.2009.2.12,24
174,en.15.232.106.2008.1.4,25
174,en.15.109.60.2009.4.1,26
174,en.15.115.88.2009.2.12,27
174,en.2.262.104.2009.5.11,28
174,en.15.104.248.2009.1.9,29
174,en.15.147.38.2009.10.2,30
174,en.15.105.23.2009.1.19,31
174,en.15.115.468.2009.2.12,32
174,en.15.82.371.2008.9.1,33
174,en.15.100.490.2008.12.12,34
174,en.15.97.239.2008.11.21,35
174,en.15.107.132.2009.1.29,36
174,en.15.106.477.2009.1.22,37
174,en.15.104.246.2009.1.11,38
174,en.3.401.87.2007.10.30,39
174,en.15.114.207.2009.3.4,40
174,en.15.92.285.2008.10.26,41
174,en.15.95.485.2008.11.10,42
174,en.15.130.347.2009.6.16,43
174,en.15.83.84.2008.9.5,44
174,en.15.240.111.2008.2.7,45
174,en.3.333.137.2009.10.29,46
174,en.15.154.236.2009.11.27,47
174,en.2.271.481.2009.7.8,48
174,en.13.3.230.2009.6.14,49
174,en.3.359.62.2010.4.16,50
175,en.13.56.214.2010.5.28,1
175,en.2.319.348.2010.6.6,2
175,en.15.167.96.2010.2.24,3
175,en.15.90.340.2008.10.17,4
175,en.15.86.348.2008.9.27,5
175,en.3.407.353.2007.11.25,6
175,en.2.289.84.2009.11.16,7
175,en.15.90.121.2008.10.17,8
175,en.3.382.145.2007.7.29,9
175,en.15.167.130.2010.2.24,10
175,en.15.255.320.2008.4.5,11
175,en.15.248.219.2008.3.5,12
175,en.15.167.175.2010.2.24,13
175,en.15.79.21.2008.8.13,14
175,en.15.167.441.2010.2.26,15
175,en.13.26.310.2009.11.12,16
175,en.15.119.56.2009.4.10,17
175,en.15.90.294.2008.10.18,18
175,en.15.254.493.2008.3.30,19
175,en.2.296.454.2010.1.20,20
175,en.15.167.438.2010.2.25,21
175,en.3.390.323.2007.9.6,22
175,en.3.410.235.2007.12.8,23
175,en.2.279.121.2009.8.31,24
175,en.15.115.219.2009.2.28,25
175,en.3.380.151.2007.7.18,26
175,en.15.75.183.2008.7.14,27
175,en.13.26.290.2009.11.12,28
175,en.15.85.4.2008.9.20,29
175,en.2.296.349.2010.1.18,30
175,en.15.255.477.2008.3.31,31
175,en.3.397.461.2007.10.10,32
175,en.15.88.248.2008.10.7,33
175,en.3.322.285.2009.8.6,34
175,en.2.289.107.2009.11.13,35
175,en.15.88.98.2008.10.4,36
175,en.15.79.442.2008.8.11,37
175,en.15.151.4.2009.11.1,38
175,en.15.87.278.2008.9.29,39
175,en.2.282.232.2009.9.17,40
175,en.15.225.491.2007.12.5,41
175,en.15.94.85.2008.11.5,42
175,en.3.320.254.2009.7.31,43
175,en.3.338.488.2009.12.6,44
175,en.2.289.190.2009.11.16,45
175,en.15.90.223.2008.10.17,46
175,en.13.30.231.2009.12.26,47
175,en.15.97.32.2008.11.23,48
175,en.15.151.357.2009.10.30,49
175,en.2.296.347.2010.1.18,50
